{
    "type": "FeatureCollection",
    "features": [
        {
            "type": "Feature",
            "geometry": {
                "type": "Point",
                "coordinates": [
                    -122.3366928,
                    47.6127434
                ]
            },
            "properties": {
                "osm_id": 13436479928,
                "osm_type": "nodes",
                "operator": null,
                "operator_type": null,
                "staff_count_nurses": null,
                "health_facility_level": null,
                "medical_system_western": null,
                "name": "Aesthetics & Electrology Seattle",
                "toilets_disposal": null,
                "health_facility_type": null,
                "opening_hours": null,
                "healthcare": "alternative",
                "shop": null,
                "toilets_handwashing": null,
                "building": null,
                "status": null,
                "access": null,
                "health_facility_bed": null,
                "denomination": null,
                "historic": null,
                "staff_count_doctors": null,
                "religion": null,
                "amenity": null
            }
        },
        {
            "type": "Feature",
            "geometry": {
                "type": "Point",
                "coordinates": [
                    -122.3405965,
                    47.6092023
                ]
            },
            "properties": {
                "osm_id": 2397497098,
                "osm_type": "nodes",
                "operator": null,
                "operator_type": null,
                "staff_count_nurses": null,
                "health_facility_level": null,
                "medical_system_western": null,
                "name": "Ageless Acupuncture",
                "toilets_disposal": null,
                "health_facility_type": null,
                "opening_hours": null,
                "healthcare": "alternative",
                "shop": null,
                "toilets_handwashing": null,
                "building": null,
                "status": null,
                "access": null,
                "health_facility_bed": null,
                "denomination": null,
                "historic": null,
                "staff_count_doctors": null,
                "religion": null,
                "amenity": null
            }
        },
        {
            "type": "Feature",
            "geometry": {
                "type": "Point",
                "coordinates": [
                    -122.340437,
                    47.6111727
                ]
            },
            "properties": {
                "osm_id": 2327741482,
                "osm_type": "nodes",
                "operator": null,
                "operator_type": null,
                "staff_count_nurses": null,
                "health_facility_level": null,
                "medical_system_western": null,
                "name": "Christ Our Hope Catholic Church",
                "toilets_disposal": null,
                "health_facility_type": null,
                "opening_hours": null,
                "healthcare": null,
                "shop": null,
                "toilets_handwashing": null,
                "building": null,
                "status": null,
                "access": null,
                "health_facility_bed": null,
                "denomination": "roman_catholic",
                "historic": null,
                "staff_count_doctors": null,
                "religion": "christian",
                "amenity": "place_of_worship"
            }
        },
        {
            "type": "Feature",
            "geometry": {
                "type": "Point",
                "coordinates": [
                    -122.3398101,
                    47.6090713
                ]
            },
            "properties": {
                "osm_id": 2397493405,
                "osm_type": "nodes",
                "operator": null,
                "operator_type": null,
                "staff_count_nurses": null,
                "health_facility_level": null,
                "medical_system_western": null,
                "name": "Chiro One",
                "toilets_disposal": null,
                "health_facility_type": null,
                "opening_hours": null,
                "healthcare": "alternative",
                "shop": null,
                "toilets_handwashing": null,
                "building": null,
                "status": null,
                "access": null,
                "health_facility_bed": null,
                "denomination": null,
                "historic": null,
                "staff_count_doctors": null,
                "religion": null,
                "amenity": null
            }
        },
        {
            "type": "Feature",
            "geometry": {
                "type": "Point",
                "coordinates": [
                    -122.3467922,
                    47.6180354
                ]
            },
            "properties": {
                "osm_id": 2327596771,
                "osm_type": "nodes",
                "operator": null,
                "operator_type": null,
                "staff_count_nurses": null,
                "health_facility_level": null,
                "medical_system_western": null,
                "name": "Chiro One",
                "toilets_disposal": null,
                "health_facility_type": null,
                "opening_hours": null,
                "healthcare": "alternative",
                "shop": null,
                "toilets_handwashing": null,
                "building": null,
                "status": null,
                "access": null,
                "health_facility_bed": null,
                "denomination": null,
                "historic": null,
                "staff_count_doctors": null,
                "religion": null,
                "amenity": null
            }
        },
        {
            "type": "Feature",
            "geometry": {
                "type": "Point",
                "coordinates": [
                    -122.3377593,
                    47.5903695
                ]
            },
            "properties": {
                "osm_id": 8196264372,
                "osm_type": "nodes",
                "operator": null,
                "operator_type": null,
                "staff_count_nurses": null,
                "health_facility_level": null,
                "medical_system_western": null,
                "name": null,
                "toilets_disposal": null,
                "health_facility_type": null,
                "opening_hours": null,
                "healthcare": "clinic",
                "shop": null,
                "toilets_handwashing": null,
                "building": null,
                "status": null,
                "access": null,
                "health_facility_bed": null,
                "denomination": null,
                "historic": null,
                "staff_count_doctors": null,
                "religion": null,
                "amenity": "clinic"
            }
        },
        {
            "type": "Feature",
            "geometry": {
                "type": "Point",
                "coordinates": [
                    -122.3261743,
                    47.5980225
                ]
            },
            "properties": {
                "osm_id": 2965294497,
                "osm_type": "nodes",
                "operator": null,
                "operator_type": null,
                "staff_count_nurses": null,
                "health_facility_level": null,
                "medical_system_western": null,
                "name": "St. Paul Medical Clinic",
                "toilets_disposal": null,
                "health_facility_type": null,
                "opening_hours": null,
                "healthcare": "clinic",
                "shop": null,
                "toilets_handwashing": null,
                "building": null,
                "status": null,
                "access": null,
                "health_facility_bed": null,
                "denomination": null,
                "historic": null,
                "staff_count_doctors": null,
                "religion": null,
                "amenity": "clinic"
            }
        },
        {
            "type": "Feature",
            "geometry": {
                "type": "Point",
                "coordinates": [
                    -122.3197686,
                    47.619761
                ]
            },
            "properties": {
                "osm_id": 13025770636,
                "osm_type": "nodes",
                "operator": null,
                "operator_type": null,
                "staff_count_nurses": null,
                "health_facility_level": null,
                "medical_system_western": null,
                "name": "Cathy Hillenbrand Community Room",
                "toilets_disposal": null,
                "health_facility_type": null,
                "opening_hours": "Mo-Sa 12:00-20:00; Su 10:00-20:00",
                "healthcare": null,
                "shop": null,
                "toilets_handwashing": null,
                "building": null,
                "status": null,
                "access": null,
                "health_facility_bed": null,
                "denomination": null,
                "historic": null,
                "staff_count_doctors": null,
                "religion": null,
                "amenity": "community_centre"
            }
        },
        {
            "type": "Feature",
            "geometry": {
                "type": "Point",
                "coordinates": [
                    -122.3200793,
                    47.6077819
                ]
            },
            "properties": {
                "osm_id": 13700728270,
                "osm_type": "nodes",
                "operator": null,
                "operator_type": null,
                "staff_count_nurses": null,
                "health_facility_level": null,
                "medical_system_western": null,
                "name": "Seattle Smiles Company",
                "toilets_disposal": null,
                "health_facility_type": null,
                "opening_hours": null,
                "healthcare": "dentist",
                "shop": null,
                "toilets_handwashing": null,
                "building": null,
                "status": null,
                "access": null,
                "health_facility_bed": null,
                "denomination": null,
                "historic": null,
                "staff_count_doctors": null,
                "religion": null,
                "amenity": "dentist"
            }
        },
        {
            "type": "Feature",
            "geometry": {
                "type": "Point",
                "coordinates": [
                    -122.3140488,
                    47.6147868
                ]
            },
            "properties": {
                "osm_id": 356550372,
                "osm_type": "nodes",
                "operator": null,
                "operator_type": null,
                "staff_count_nurses": null,
                "health_facility_level": null,
                "medical_system_western": null,
                "name": "First African Methodist Episcopal Church",
                "toilets_disposal": null,
                "health_facility_type": null,
                "opening_hours": null,
                "healthcare": null,
                "shop": null,
                "toilets_handwashing": null,
                "building": null,
                "status": null,
                "access": null,
                "health_facility_bed": null,
                "denomination": "methodist",
                "historic": null,
                "staff_count_doctors": null,
                "religion": "christian",
                "amenity": "place_of_worship"
            }
        },
        {
            "type": "Feature",
            "geometry": {
                "type": "Point",
                "coordinates": [
                    -122.3486061,
                    47.6132741
                ]
            },
            "properties": {
                "osm_id": 4220762318,
                "osm_type": "nodes",
                "operator": null,
                "operator_type": null,
                "staff_count_nurses": null,
                "health_facility_level": null,
                "medical_system_western": null,
                "name": "Downtown Cornerstone Church",
                "toilets_disposal": null,
                "health_facility_type": null,
                "opening_hours": null,
                "healthcare": null,
                "shop": null,
                "toilets_handwashing": null,
                "building": null,
                "status": null,
                "access": null,
                "health_facility_bed": null,
                "denomination": null,
                "historic": null,
                "staff_count_doctors": null,
                "religion": "christian",
                "amenity": "place_of_worship"
            }
        },
        {
            "type": "Feature",
            "geometry": {
                "type": "Point",
                "coordinates": [
                    -122.3377492,
                    47.6186723
                ]
            },
            "properties": {
                "osm_id": 9773263745,
                "osm_type": "nodes",
                "operator": "1Life Healthcare",
                "operator_type": "private",
                "staff_count_nurses": null,
                "health_facility_level": null,
                "medical_system_western": null,
                "name": "One Medical",
                "toilets_disposal": null,
                "health_facility_type": null,
                "opening_hours": null,
                "healthcare": "clinic",
                "shop": null,
                "toilets_handwashing": null,
                "building": null,
                "status": null,
                "access": null,
                "health_facility_bed": null,
                "denomination": null,
                "historic": null,
                "staff_count_doctors": null,
                "religion": null,
                "amenity": "clinic"
            }
        },
        {
            "type": "Feature",
            "geometry": {
                "type": "Point",
                "coordinates": [
                    -122.335722,
                    47.6085822
                ]
            },
            "properties": {
                "osm_id": 4544123298,
                "osm_type": "nodes",
                "operator": null,
                "operator_type": null,
                "staff_count_nurses": null,
                "health_facility_level": null,
                "medical_system_western": null,
                "name": "Seattle Dental Associates",
                "toilets_disposal": null,
                "health_facility_type": null,
                "opening_hours": null,
                "healthcare": "dentist",
                "shop": null,
                "toilets_handwashing": null,
                "building": null,
                "status": null,
                "access": null,
                "health_facility_bed": null,
                "denomination": null,
                "historic": null,
                "staff_count_doctors": null,
                "religion": null,
                "amenity": "dentist"
            }
        },
        {
            "type": "Feature",
            "geometry": {
                "type": "Point",
                "coordinates": [
                    -122.3159904,
                    47.6133146
                ]
            },
            "properties": {
                "osm_id": 13653932246,
                "osm_type": "nodes",
                "operator": null,
                "operator_type": null,
                "staff_count_nurses": null,
                "health_facility_level": null,
                "medical_system_western": null,
                "name": "Emerald City Spinal Care",
                "toilets_disposal": null,
                "health_facility_type": null,
                "opening_hours": null,
                "healthcare": "alternative",
                "shop": null,
                "toilets_handwashing": null,
                "building": null,
                "status": null,
                "access": null,
                "health_facility_bed": null,
                "denomination": null,
                "historic": null,
                "staff_count_doctors": null,
                "religion": null,
                "amenity": null
            }
        },
        {
            "type": "Feature",
            "geometry": {
                "type": "Point",
                "coordinates": [
                    -122.3196883,
                    47.6128341
                ]
            },
            "properties": {
                "osm_id": 12996013847,
                "osm_type": "nodes",
                "operator": null,
                "operator_type": null,
                "staff_count_nurses": null,
                "health_facility_level": null,
                "medical_system_western": null,
                "name": null,
                "toilets_disposal": null,
                "health_facility_type": null,
                "opening_hours": null,
                "healthcare": "dentist",
                "shop": null,
                "toilets_handwashing": null,
                "building": null,
                "status": null,
                "access": null,
                "health_facility_bed": null,
                "denomination": null,
                "historic": null,
                "staff_count_doctors": null,
                "religion": null,
                "amenity": "dentist"
            }
        },
        {
            "type": "Feature",
            "geometry": {
                "type": "Point",
                "coordinates": [
                    -122.3366875,
                    47.6127337
                ]
            },
            "properties": {
                "osm_id": 12776982945,
                "osm_type": "nodes",
                "operator": "Dr. Hyunjung Shin, DDS",
                "operator_type": null,
                "staff_count_nurses": null,
                "health_facility_level": null,
                "medical_system_western": null,
                "name": "Moritis & Shin Dentistry",
                "toilets_disposal": null,
                "health_facility_type": null,
                "opening_hours": "Mo-Th 07:30-15:30",
                "healthcare": "dentist",
                "shop": null,
                "toilets_handwashing": null,
                "building": null,
                "status": null,
                "access": null,
                "health_facility_bed": null,
                "denomination": null,
                "historic": null,
                "staff_count_doctors": null,
                "religion": null,
                "amenity": "dentist"
            }
        },
        {
            "type": "Feature",
            "geometry": {
                "type": "Point",
                "coordinates": [
                    -122.3139999,
                    47.606031
                ]
            },
            "properties": {
                "osm_id": 6579694802,
                "osm_type": "nodes",
                "operator": null,
                "operator_type": null,
                "staff_count_nurses": null,
                "health_facility_level": null,
                "medical_system_western": null,
                "name": "Atlas Chiropractic",
                "toilets_disposal": null,
                "health_facility_type": null,
                "opening_hours": null,
                "healthcare": "doctor",
                "shop": null,
                "toilets_handwashing": null,
                "building": null,
                "status": null,
                "access": null,
                "health_facility_bed": null,
                "denomination": null,
                "historic": null,
                "staff_count_doctors": null,
                "religion": null,
                "amenity": "doctors"
            }
        },
        {
            "type": "Feature",
            "geometry": {
                "type": "Point",
                "coordinates": [
                    -122.3244794,
                    47.599339
                ]
            },
            "properties": {
                "osm_id": 6737285792,
                "osm_type": "nodes",
                "operator": null,
                "operator_type": null,
                "staff_count_nurses": null,
                "health_facility_level": null,
                "medical_system_western": null,
                "name": "Gene SJ Liaw MD",
                "toilets_disposal": null,
                "health_facility_type": null,
                "opening_hours": "Tu,Th 10:00-17:00; Sa 10:00-14:00",
                "healthcare": "doctor",
                "shop": null,
                "toilets_handwashing": null,
                "building": null,
                "status": null,
                "access": null,
                "health_facility_bed": null,
                "denomination": null,
                "historic": null,
                "staff_count_doctors": null,
                "religion": null,
                "amenity": "doctors"
            }
        },
        {
            "type": "Feature",
            "geometry": {
                "type": "Point",
                "coordinates": [
                    -122.3160668,
                    47.5997142
                ]
            },
            "properties": {
                "osm_id": 13176179698,
                "osm_type": "nodes",
                "operator": null,
                "operator_type": null,
                "staff_count_nurses": null,
                "health_facility_level": null,
                "medical_system_western": null,
                "name": "Quynh's Pharmacy",
                "toilets_disposal": null,
                "health_facility_type": null,
                "opening_hours": null,
                "healthcare": "pharmacy",
                "shop": null,
                "toilets_handwashing": null,
                "building": null,
                "status": null,
                "access": null,
                "health_facility_bed": null,
                "denomination": null,
                "historic": null,
                "staff_count_doctors": null,
                "religion": null,
                "amenity": "pharmacy"
            }
        },
        {
            "type": "Feature",
            "geometry": {
                "type": "Point",
                "coordinates": [
                    -122.3245682,
                    47.5990408
                ]
            },
            "properties": {
                "osm_id": 2434527355,
                "osm_type": "nodes",
                "operator": null,
                "operator_type": null,
                "staff_count_nurses": null,
                "health_facility_level": null,
                "medical_system_western": null,
                "name": "Seattle Chiropractic Center",
                "toilets_disposal": null,
                "health_facility_type": null,
                "opening_hours": null,
                "healthcare": "doctor",
                "shop": null,
                "toilets_handwashing": null,
                "building": null,
                "status": null,
                "access": null,
                "health_facility_bed": null,
                "denomination": null,
                "historic": null,
                "staff_count_doctors": null,
                "religion": null,
                "amenity": "doctors"
            }
        },
        {
            "type": "Feature",
            "geometry": {
                "type": "Point",
                "coordinates": [
                    -122.3347937,
                    47.6102587
                ]
            },
            "properties": {
                "osm_id": 13049914802,
                "osm_type": "nodes",
                "operator": null,
                "operator_type": null,
                "staff_count_nurses": null,
                "health_facility_level": null,
                "medical_system_western": null,
                "name": "Visiting Angels Senior Home Care Seattle",
                "toilets_disposal": null,
                "health_facility_type": null,
                "opening_hours": "24/7",
                "healthcare": "yes",
                "shop": null,
                "toilets_handwashing": null,
                "building": null,
                "status": null,
                "access": null,
                "health_facility_bed": null,
                "denomination": null,
                "historic": null,
                "staff_count_doctors": null,
                "religion": null,
                "amenity": null
            }
        },
        {
            "type": "Feature",
            "geometry": {
                "type": "Point",
                "coordinates": [
                    -122.3301788,
                    47.5983573
                ]
            },
            "properties": {
                "osm_id": 4318916994,
                "osm_type": "nodes",
                "operator": null,
                "operator_type": null,
                "staff_count_nurses": null,
                "health_facility_level": null,
                "medical_system_western": null,
                "name": null,
                "toilets_disposal": "flush",
                "health_facility_type": null,
                "opening_hours": null,
                "healthcare": null,
                "shop": null,
                "toilets_handwashing": null,
                "building": null,
                "status": null,
                "access": null,
                "health_facility_bed": null,
                "denomination": null,
                "historic": null,
                "staff_count_doctors": null,
                "religion": null,
                "amenity": "toilets"
            }
        },
        {
            "type": "Feature",
            "geometry": {
                "type": "Point",
                "coordinates": [
                    -122.313616,
                    47.5994776
                ]
            },
            "properties": {
                "osm_id": 7006940186,
                "osm_type": "nodes",
                "operator": null,
                "operator_type": null,
                "staff_count_nurses": null,
                "health_facility_level": null,
                "medical_system_western": null,
                "name": "Rof Medical Center",
                "toilets_disposal": null,
                "health_facility_type": null,
                "opening_hours": null,
                "healthcare": "clinic",
                "shop": null,
                "toilets_handwashing": null,
                "building": null,
                "status": null,
                "access": null,
                "health_facility_bed": null,
                "denomination": null,
                "historic": null,
                "staff_count_doctors": null,
                "religion": null,
                "amenity": "clinic"
            }
        },
        {
            "type": "Feature",
            "geometry": {
                "type": "Point",
                "coordinates": [
                    -122.3382425,
                    47.6160227
                ]
            },
            "properties": {
                "osm_id": 2327732111,
                "osm_type": "nodes",
                "operator": null,
                "operator_type": null,
                "staff_count_nurses": null,
                "health_facility_level": null,
                "medical_system_western": null,
                "name": "Dentist Downtown Seattle",
                "toilets_disposal": null,
                "health_facility_type": null,
                "opening_hours": null,
                "healthcare": "dentist",
                "shop": null,
                "toilets_handwashing": null,
                "building": null,
                "status": null,
                "access": null,
                "health_facility_bed": null,
                "denomination": null,
                "historic": null,
                "staff_count_doctors": null,
                "religion": null,
                "amenity": "dentist"
            }
        },
        {
            "type": "Feature",
            "geometry": {
                "type": "Point",
                "coordinates": [
                    -122.338252,
                    47.6189497
                ]
            },
            "properties": {
                "osm_id": 2400043330,
                "osm_type": "nodes",
                "operator": "ZoomCare",
                "operator_type": "private",
                "staff_count_nurses": null,
                "health_facility_level": null,
                "medical_system_western": null,
                "name": "ZoomCare",
                "toilets_disposal": null,
                "health_facility_type": null,
                "opening_hours": null,
                "healthcare": "clinic",
                "shop": null,
                "toilets_handwashing": null,
                "building": null,
                "status": null,
                "access": null,
                "health_facility_bed": null,
                "denomination": null,
                "historic": null,
                "staff_count_doctors": null,
                "religion": null,
                "amenity": "clinic"
            }
        },
        {
            "type": "Feature",
            "geometry": {
                "type": "Point",
                "coordinates": [
                    -122.3394189,
                    47.6084514
                ]
            },
            "properties": {
                "osm_id": 13102732101,
                "osm_type": "nodes",
                "operator": null,
                "operator_type": null,
                "staff_count_nurses": null,
                "health_facility_level": null,
                "medical_system_western": null,
                "name": "Kushklub",
                "toilets_disposal": null,
                "health_facility_type": null,
                "opening_hours": "Su-Th 08:00-22:00; Fr-Sa 08:00-00:00",
                "healthcare": "alternative",
                "shop": null,
                "toilets_handwashing": null,
                "building": null,
                "status": null,
                "access": null,
                "health_facility_bed": null,
                "denomination": null,
                "historic": null,
                "staff_count_doctors": null,
                "religion": null,
                "amenity": null
            }
        },
        {
            "type": "Feature",
            "geometry": {
                "type": "Point",
                "coordinates": [
                    -122.3339948,
                    47.6157412
                ]
            },
            "properties": {
                "osm_id": 2700939602,
                "osm_type": "nodes",
                "operator": null,
                "operator_type": null,
                "staff_count_nurses": null,
                "health_facility_level": null,
                "medical_system_western": null,
                "name": "Gethsemane Lutheran Church",
                "toilets_disposal": null,
                "health_facility_type": null,
                "opening_hours": null,
                "healthcare": null,
                "shop": null,
                "toilets_handwashing": null,
                "building": null,
                "status": null,
                "access": null,
                "health_facility_bed": null,
                "denomination": null,
                "historic": null,
                "staff_count_doctors": null,
                "religion": "christian",
                "amenity": "place_of_worship"
            }
        },
        {
            "type": "Feature",
            "geometry": {
                "type": "Point",
                "coordinates": [
                    -122.320587,
                    47.616277
                ]
            },
            "properties": {
                "osm_id": 2939935901,
                "osm_type": "nodes",
                "operator": "1Life Healthcare",
                "operator_type": "private",
                "staff_count_nurses": null,
                "health_facility_level": null,
                "medical_system_western": null,
                "name": "One Medical",
                "toilets_disposal": null,
                "health_facility_type": null,
                "opening_hours": null,
                "healthcare": "clinic",
                "shop": null,
                "toilets_handwashing": null,
                "building": null,
                "status": null,
                "access": null,
                "health_facility_bed": null,
                "denomination": null,
                "historic": null,
                "staff_count_doctors": null,
                "religion": null,
                "amenity": "clinic"
            }
        },
        {
            "type": "Feature",
            "geometry": {
                "type": "Point",
                "coordinates": [
                    -122.3171624,
                    47.6178264
                ]
            },
            "properties": {
                "osm_id": 5152641324,
                "osm_type": "nodes",
                "operator": null,
                "operator_type": null,
                "staff_count_nurses": null,
                "health_facility_level": null,
                "medical_system_western": null,
                "name": "Fresh Smile Seattle",
                "toilets_disposal": null,
                "health_facility_type": null,
                "opening_hours": null,
                "healthcare": "dentist",
                "shop": null,
                "toilets_handwashing": null,
                "building": null,
                "status": null,
                "access": null,
                "health_facility_bed": null,
                "denomination": null,
                "historic": null,
                "staff_count_doctors": null,
                "religion": null,
                "amenity": "dentist"
            }
        },
        {
            "type": "Feature",
            "geometry": {
                "type": "Point",
                "coordinates": [
                    -122.330621,
                    47.6197972
                ]
            },
            "properties": {
                "osm_id": 2400039492,
                "osm_type": "nodes",
                "operator": null,
                "operator_type": null,
                "staff_count_nurses": null,
                "health_facility_level": null,
                "medical_system_western": null,
                "name": "GO PT - South Lake Union",
                "toilets_disposal": null,
                "health_facility_type": null,
                "opening_hours": null,
                "healthcare": "physiotherapist",
                "shop": null,
                "toilets_handwashing": null,
                "building": null,
                "status": null,
                "access": null,
                "health_facility_bed": null,
                "denomination": null,
                "historic": null,
                "staff_count_doctors": null,
                "religion": null,
                "amenity": null
            }
        },
        {
            "type": "Feature",
            "geometry": {
                "type": "Point",
                "coordinates": [
                    -122.3445925,
                    47.60866
                ]
            },
            "properties": {
                "osm_id": 12895601401,
                "osm_type": "nodes",
                "operator": null,
                "operator_type": null,
                "staff_count_nurses": null,
                "health_facility_level": null,
                "medical_system_western": null,
                "name": null,
                "toilets_disposal": null,
                "health_facility_type": null,
                "opening_hours": "Mo-Su 10:00-19:00",
                "healthcare": null,
                "shop": null,
                "toilets_handwashing": null,
                "building": null,
                "status": null,
                "access": null,
                "health_facility_bed": null,
                "denomination": null,
                "historic": null,
                "staff_count_doctors": null,
                "religion": null,
                "amenity": "toilets"
            }
        },
        {
            "type": "Feature",
            "geometry": {
                "type": "Point",
                "coordinates": [
                    -122.342111,
                    47.6145346
                ]
            },
            "properties": {
                "osm_id": 6290136028,
                "osm_type": "nodes",
                "operator": null,
                "operator_type": null,
                "staff_count_nurses": null,
                "health_facility_level": null,
                "medical_system_western": null,
                "name": "Downtown Public Health Center",
                "toilets_disposal": null,
                "health_facility_type": null,
                "opening_hours": "08:00-17:00",
                "healthcare": "yes",
                "shop": null,
                "toilets_handwashing": null,
                "building": null,
                "status": null,
                "access": null,
                "health_facility_bed": null,
                "denomination": null,
                "historic": null,
                "staff_count_doctors": null,
                "religion": null,
                "amenity": null
            }
        },
        {
            "type": "Feature",
            "geometry": {
                "type": "Point",
                "coordinates": [
                    -122.3484309,
                    47.6154545
                ]
            },
            "properties": {
                "osm_id": 5067774522,
                "osm_type": "nodes",
                "operator": "UW Medicine",
                "operator_type": null,
                "staff_count_nurses": null,
                "health_facility_level": null,
                "medical_system_western": null,
                "name": "UW Medicine Belltown Clinic",
                "toilets_disposal": null,
                "health_facility_type": null,
                "opening_hours": null,
                "healthcare": "doctor",
                "shop": null,
                "toilets_handwashing": null,
                "building": null,
                "status": null,
                "access": null,
                "health_facility_bed": null,
                "denomination": null,
                "historic": null,
                "staff_count_doctors": null,
                "religion": null,
                "amenity": "doctors"
            }
        },
        {
            "type": "Feature",
            "geometry": {
                "type": "Point",
                "coordinates": [
                    -122.33821,
                    47.6107953
                ]
            },
            "properties": {
                "osm_id": 2404231146,
                "osm_type": "nodes",
                "operator": null,
                "operator_type": null,
                "staff_count_nurses": null,
                "health_facility_level": null,
                "medical_system_western": null,
                "name": "Scientology",
                "toilets_disposal": null,
                "health_facility_type": null,
                "opening_hours": null,
                "healthcare": null,
                "shop": null,
                "toilets_handwashing": null,
                "building": null,
                "status": null,
                "access": null,
                "health_facility_bed": null,
                "denomination": null,
                "historic": null,
                "staff_count_doctors": null,
                "religion": "scientologist",
                "amenity": "place_of_worship"
            }
        },
        {
            "type": "Feature",
            "geometry": {
                "type": "Point",
                "coordinates": [
                    -122.3210596,
                    47.6150832
                ]
            },
            "properties": {
                "osm_id": 2077249384,
                "osm_type": "nodes",
                "operator": null,
                "operator_type": null,
                "staff_count_nurses": null,
                "health_facility_level": null,
                "medical_system_western": null,
                "name": "Walgreens",
                "toilets_disposal": null,
                "health_facility_type": null,
                "opening_hours": null,
                "healthcare": "pharmacy",
                "shop": null,
                "toilets_handwashing": null,
                "building": null,
                "status": null,
                "access": null,
                "health_facility_bed": null,
                "denomination": null,
                "historic": null,
                "staff_count_doctors": null,
                "religion": null,
                "amenity": "pharmacy"
            }
        },
        {
            "type": "Feature",
            "geometry": {
                "type": "Point",
                "coordinates": [
                    -122.3235994,
                    47.6199063
                ]
            },
            "properties": {
                "osm_id": 2158667128,
                "osm_type": "nodes",
                "operator": null,
                "operator_type": null,
                "staff_count_nurses": null,
                "health_facility_level": null,
                "medical_system_western": null,
                "name": "The Source Chiropractic",
                "toilets_disposal": null,
                "health_facility_type": null,
                "opening_hours": null,
                "healthcare": "alternative",
                "shop": null,
                "toilets_handwashing": null,
                "building": null,
                "status": null,
                "access": null,
                "health_facility_bed": null,
                "denomination": null,
                "historic": null,
                "staff_count_doctors": null,
                "religion": null,
                "amenity": null
            }
        },
        {
            "type": "Feature",
            "geometry": {
                "type": "Point",
                "coordinates": [
                    -122.330051,
                    47.6005663
                ]
            },
            "properties": {
                "osm_id": 2351712047,
                "osm_type": "nodes",
                "operator": null,
                "operator_type": null,
                "staff_count_nurses": null,
                "health_facility_level": null,
                "medical_system_western": null,
                "name": "Pioneer Square Clinic",
                "toilets_disposal": null,
                "health_facility_type": null,
                "opening_hours": null,
                "healthcare": "clinic",
                "shop": null,
                "toilets_handwashing": null,
                "building": null,
                "status": null,
                "access": null,
                "health_facility_bed": null,
                "denomination": null,
                "historic": null,
                "staff_count_doctors": null,
                "religion": null,
                "amenity": "clinic"
            }
        },
        {
            "type": "Feature",
            "geometry": {
                "type": "Point",
                "coordinates": [
                    -122.3201886,
                    47.6191491
                ]
            },
            "properties": {
                "osm_id": 12863504144,
                "osm_type": "nodes",
                "operator": null,
                "operator_type": null,
                "staff_count_nurses": null,
                "health_facility_level": null,
                "medical_system_western": null,
                "name": null,
                "toilets_disposal": null,
                "health_facility_type": null,
                "opening_hours": null,
                "healthcare": null,
                "shop": null,
                "toilets_handwashing": null,
                "building": null,
                "status": null,
                "access": null,
                "health_facility_bed": null,
                "denomination": null,
                "historic": "memorial",
                "staff_count_doctors": null,
                "religion": null,
                "amenity": null
            }
        },
        {
            "type": "Feature",
            "geometry": {
                "type": "Point",
                "coordinates": [
                    -122.3206009,
                    47.6174296
                ]
            },
            "properties": {
                "osm_id": 11974443110,
                "osm_type": "nodes",
                "operator": null,
                "operator_type": null,
                "staff_count_nurses": null,
                "health_facility_level": null,
                "medical_system_western": null,
                "name": "Capitol Hill Dental Group",
                "toilets_disposal": null,
                "health_facility_type": null,
                "opening_hours": null,
                "healthcare": "dentist",
                "shop": null,
                "toilets_handwashing": null,
                "building": null,
                "status": null,
                "access": null,
                "health_facility_bed": null,
                "denomination": null,
                "historic": null,
                "staff_count_doctors": null,
                "religion": null,
                "amenity": "dentist"
            }
        },
        {
            "type": "Feature",
            "geometry": {
                "type": "Point",
                "coordinates": [
                    -122.3179944,
                    47.6174669
                ]
            },
            "properties": {
                "osm_id": 356550586,
                "osm_type": "nodes",
                "operator": null,
                "operator_type": null,
                "staff_count_nurses": null,
                "health_facility_level": null,
                "medical_system_western": null,
                "name": "German United Church of Christ",
                "toilets_disposal": null,
                "health_facility_type": null,
                "opening_hours": null,
                "healthcare": null,
                "shop": null,
                "toilets_handwashing": null,
                "building": null,
                "status": null,
                "access": null,
                "health_facility_bed": null,
                "denomination": null,
                "historic": null,
                "staff_count_doctors": null,
                "religion": "christian",
                "amenity": "place_of_worship"
            }
        },
        {
            "type": "Feature",
            "geometry": {
                "type": "Point",
                "coordinates": [
                    -122.3199373,
                    47.6186133
                ]
            },
            "properties": {
                "osm_id": 11829718128,
                "osm_type": "nodes",
                "operator": null,
                "operator_type": null,
                "staff_count_nurses": null,
                "health_facility_level": null,
                "medical_system_western": null,
                "name": null,
                "toilets_disposal": null,
                "health_facility_type": null,
                "opening_hours": null,
                "healthcare": null,
                "shop": null,
                "toilets_handwashing": null,
                "building": null,
                "status": null,
                "access": null,
                "health_facility_bed": null,
                "denomination": null,
                "historic": "memorial",
                "staff_count_doctors": null,
                "religion": null,
                "amenity": null
            }
        },
        {
            "type": "Feature",
            "geometry": {
                "type": "Point",
                "coordinates": [
                    -122.322621,
                    47.5961613
                ]
            },
            "properties": {
                "osm_id": 430982177,
                "osm_type": "nodes",
                "operator": "The Seattle Public Library",
                "operator_type": "public",
                "staff_count_nurses": null,
                "health_facility_level": null,
                "medical_system_western": null,
                "name": "The Seattle Public Library - International District / Chinatown Branch Branch",
                "toilets_disposal": null,
                "health_facility_type": null,
                "opening_hours": "We-Sa 11:00-18:00; Mo-Tu 13:00-20:00; Su 13:00-17:00",
                "healthcare": null,
                "shop": null,
                "toilets_handwashing": null,
                "building": null,
                "status": null,
                "access": null,
                "health_facility_bed": null,
                "denomination": null,
                "historic": null,
                "staff_count_doctors": null,
                "religion": null,
                "amenity": "library"
            }
        },
        {
            "type": "Feature",
            "geometry": {
                "type": "Point",
                "coordinates": [
                    -122.340858,
                    47.6162134
                ]
            },
            "properties": {
                "osm_id": 10958551142,
                "osm_type": "nodes",
                "operator": null,
                "operator_type": null,
                "staff_count_nurses": null,
                "health_facility_level": null,
                "medical_system_western": null,
                "name": "Innovative Dentistry",
                "toilets_disposal": null,
                "health_facility_type": null,
                "opening_hours": "Mo-Th 07:00-12:00,13:00-16:00",
                "healthcare": "dentist",
                "shop": null,
                "toilets_handwashing": null,
                "building": null,
                "status": null,
                "access": null,
                "health_facility_bed": null,
                "denomination": null,
                "historic": null,
                "staff_count_doctors": null,
                "religion": null,
                "amenity": "dentist"
            }
        },
        {
            "type": "Feature",
            "geometry": {
                "type": "Point",
                "coordinates": [
                    -122.3160661,
                    47.5996871
                ]
            },
            "properties": {
                "osm_id": 13176179700,
                "osm_type": "nodes",
                "operator": null,
                "operator_type": null,
                "staff_count_nurses": null,
                "health_facility_level": null,
                "medical_system_western": null,
                "name": "Family Dental Care",
                "toilets_disposal": null,
                "health_facility_type": null,
                "opening_hours": null,
                "healthcare": "dentist",
                "shop": null,
                "toilets_handwashing": null,
                "building": null,
                "status": null,
                "access": null,
                "health_facility_bed": null,
                "denomination": null,
                "historic": null,
                "staff_count_doctors": null,
                "religion": null,
                "amenity": "dentist"
            }
        },
        {
            "type": "Feature",
            "geometry": {
                "type": "Point",
                "coordinates": [
                    -122.3252527,
                    47.5993482
                ]
            },
            "properties": {
                "osm_id": 2434520655,
                "osm_type": "nodes",
                "operator": null,
                "operator_type": null,
                "staff_count_nurses": null,
                "health_facility_level": null,
                "medical_system_western": null,
                "name": "Ho's Herb & Massage",
                "toilets_disposal": null,
                "health_facility_type": null,
                "opening_hours": "Mo-We,Fr 10:25-14:30; Th 10:00-13:30; Sa 10:00-16:00",
                "healthcare": "pharmacy",
                "shop": null,
                "toilets_handwashing": null,
                "building": null,
                "status": null,
                "access": null,
                "health_facility_bed": null,
                "denomination": null,
                "historic": null,
                "staff_count_doctors": null,
                "religion": null,
                "amenity": "pharmacy"
            }
        },
        {
            "type": "Feature",
            "geometry": {
                "type": "Point",
                "coordinates": [
                    -122.3249044,
                    47.598856
                ]
            },
            "properties": {
                "osm_id": 2434527171,
                "osm_type": "nodes",
                "operator": null,
                "operator_type": null,
                "staff_count_nurses": null,
                "health_facility_level": null,
                "medical_system_western": null,
                "name": "Sing Lam MD",
                "toilets_disposal": null,
                "health_facility_type": null,
                "opening_hours": null,
                "healthcare": "doctor",
                "shop": null,
                "toilets_handwashing": null,
                "building": null,
                "status": null,
                "access": null,
                "health_facility_bed": null,
                "denomination": null,
                "historic": null,
                "staff_count_doctors": null,
                "religion": null,
                "amenity": "doctors"
            }
        },
        {
            "type": "Feature",
            "geometry": {
                "type": "Point",
                "coordinates": [
                    -122.3239381,
                    47.598611
                ]
            },
            "properties": {
                "osm_id": 2434527214,
                "osm_type": "nodes",
                "operator": null,
                "operator_type": null,
                "staff_count_nurses": null,
                "health_facility_level": null,
                "medical_system_western": null,
                "name": "Hong Ning Chinese Herb",
                "toilets_disposal": null,
                "health_facility_type": null,
                "opening_hours": null,
                "healthcare": null,
                "shop": "herbalist",
                "toilets_handwashing": null,
                "building": null,
                "status": null,
                "access": null,
                "health_facility_bed": null,
                "denomination": null,
                "historic": null,
                "staff_count_doctors": null,
                "religion": null,
                "amenity": null
            }
        },
        {
            "type": "Feature",
            "geometry": {
                "type": "Point",
                "coordinates": [
                    -122.3254802,
                    47.6090681
                ]
            },
            "properties": {
                "osm_id": 6579694798,
                "osm_type": "nodes",
                "operator": null,
                "operator_type": null,
                "staff_count_nurses": null,
                "health_facility_level": null,
                "medical_system_western": null,
                "name": "CVS Pharmacy",
                "toilets_disposal": null,
                "health_facility_type": null,
                "opening_hours": null,
                "healthcare": "pharmacy",
                "shop": null,
                "toilets_handwashing": null,
                "building": null,
                "status": null,
                "access": null,
                "health_facility_bed": null,
                "denomination": null,
                "historic": null,
                "staff_count_doctors": null,
                "religion": null,
                "amenity": "pharmacy"
            }
        },
        {
            "type": "Feature",
            "geometry": {
                "type": "Point",
                "coordinates": [
                    -122.3209484,
                    47.6055653
                ]
            },
            "properties": {
                "osm_id": 13159938701,
                "osm_type": "nodes",
                "operator": null,
                "operator_type": null,
                "staff_count_nurses": null,
                "health_facility_level": null,
                "medical_system_western": null,
                "name": "UW Family Medicine Clinic at Harborview",
                "toilets_disposal": null,
                "health_facility_type": null,
                "opening_hours": null,
                "healthcare": "clinic",
                "shop": null,
                "toilets_handwashing": null,
                "building": null,
                "status": null,
                "access": null,
                "health_facility_bed": null,
                "denomination": null,
                "historic": null,
                "staff_count_doctors": null,
                "religion": null,
                "amenity": "clinic"
            }
        },
        {
            "type": "Feature",
            "geometry": {
                "type": "Point",
                "coordinates": [
                    -122.3370484,
                    47.6060221
                ]
            },
            "properties": {
                "osm_id": 2404255567,
                "osm_type": "nodes",
                "operator": null,
                "operator_type": null,
                "staff_count_nurses": null,
                "health_facility_level": null,
                "medical_system_western": null,
                "name": "Eyes On You",
                "toilets_disposal": null,
                "health_facility_type": null,
                "opening_hours": "Mo-Tu, Th 09:00-17:00; We 09:00-17:00; Fr 09:00-16:00",
                "healthcare": "optometrist",
                "shop": "optician",
                "toilets_handwashing": null,
                "building": null,
                "status": null,
                "access": null,
                "health_facility_bed": null,
                "denomination": null,
                "historic": null,
                "staff_count_doctors": null,
                "religion": null,
                "amenity": null
            }
        },
        {
            "type": "Feature",
            "geometry": {
                "type": "Point",
                "coordinates": [
                    -122.3330105,
                    47.6002023
                ]
            },
            "properties": {
                "osm_id": 2998927033,
                "osm_type": "nodes",
                "operator": null,
                "operator_type": null,
                "staff_count_nurses": null,
                "health_facility_level": null,
                "medical_system_western": null,
                "name": "Seattle Fallen Fire Fighters' Memorial",
                "toilets_disposal": null,
                "health_facility_type": null,
                "opening_hours": null,
                "healthcare": null,
                "shop": null,
                "toilets_handwashing": null,
                "building": null,
                "status": null,
                "access": null,
                "health_facility_bed": null,
                "denomination": null,
                "historic": "memorial",
                "staff_count_doctors": null,
                "religion": null,
                "amenity": null
            }
        },
        {
            "type": "Feature",
            "geometry": {
                "type": "Point",
                "coordinates": [
                    -122.3343835,
                    47.6050749
                ]
            },
            "properties": {
                "osm_id": 5830451696,
                "osm_type": "nodes",
                "operator": null,
                "operator_type": null,
                "staff_count_nurses": null,
                "health_facility_level": null,
                "medical_system_western": null,
                "name": "Gateway Dental",
                "toilets_disposal": null,
                "health_facility_type": null,
                "opening_hours": null,
                "healthcare": "dentist",
                "shop": null,
                "toilets_handwashing": null,
                "building": null,
                "status": null,
                "access": null,
                "health_facility_bed": null,
                "denomination": null,
                "historic": null,
                "staff_count_doctors": null,
                "religion": null,
                "amenity": "dentist"
            }
        },
        {
            "type": "Feature",
            "geometry": {
                "type": "Point",
                "coordinates": [
                    -122.3388898,
                    47.6085844
                ]
            },
            "properties": {
                "osm_id": 9547938796,
                "osm_type": "nodes",
                "operator": null,
                "operator_type": null,
                "staff_count_nurses": null,
                "health_facility_level": null,
                "medical_system_western": null,
                "name": "CVS Pharmacy",
                "toilets_disposal": null,
                "health_facility_type": null,
                "opening_hours": null,
                "healthcare": "pharmacy",
                "shop": null,
                "toilets_handwashing": null,
                "building": null,
                "status": null,
                "access": null,
                "health_facility_bed": null,
                "denomination": null,
                "historic": null,
                "staff_count_doctors": null,
                "religion": null,
                "amenity": "pharmacy"
            }
        },
        {
            "type": "Feature",
            "geometry": {
                "type": "Point",
                "coordinates": [
                    -122.3381744,
                    47.6098914
                ]
            },
            "properties": {
                "osm_id": 9815565782,
                "osm_type": "nodes",
                "operator": "Passport Health",
                "operator_type": "private",
                "staff_count_nurses": null,
                "health_facility_level": null,
                "medical_system_western": null,
                "name": "Passport Health Downtown Seattle Travel Clinic",
                "toilets_disposal": null,
                "health_facility_type": null,
                "opening_hours": null,
                "healthcare": "clinic",
                "shop": null,
                "toilets_handwashing": null,
                "building": null,
                "status": null,
                "access": null,
                "health_facility_bed": null,
                "denomination": null,
                "historic": null,
                "staff_count_doctors": null,
                "religion": null,
                "amenity": "clinic"
            }
        },
        {
            "type": "Feature",
            "geometry": {
                "type": "Point",
                "coordinates": [
                    -122.34853,
                    47.6111564
                ]
            },
            "properties": {
                "osm_id": 10757811594,
                "osm_type": "nodes",
                "operator": null,
                "operator_type": null,
                "staff_count_nurses": null,
                "health_facility_level": null,
                "medical_system_western": null,
                "name": "Bell Street Terminal, Pier 66",
                "toilets_disposal": null,
                "health_facility_type": null,
                "opening_hours": null,
                "healthcare": null,
                "shop": null,
                "toilets_handwashing": null,
                "building": null,
                "status": null,
                "access": null,
                "health_facility_bed": null,
                "denomination": null,
                "historic": "memorial",
                "staff_count_doctors": null,
                "religion": null,
                "amenity": null
            }
        },
        {
            "type": "Feature",
            "geometry": {
                "type": "Point",
                "coordinates": [
                    -122.3372883,
                    47.6078622
                ]
            },
            "properties": {
                "osm_id": 5723976072,
                "osm_type": "nodes",
                "operator": null,
                "operator_type": null,
                "staff_count_nurses": null,
                "health_facility_level": null,
                "medical_system_western": null,
                "name": "Garden of Remembrance",
                "toilets_disposal": null,
                "health_facility_type": null,
                "opening_hours": null,
                "healthcare": null,
                "shop": null,
                "toilets_handwashing": null,
                "building": null,
                "status": null,
                "access": null,
                "health_facility_bed": null,
                "denomination": null,
                "historic": "memorial",
                "staff_count_doctors": null,
                "religion": null,
                "amenity": null
            }
        },
        {
            "type": "Feature",
            "geometry": {
                "type": "Point",
                "coordinates": [
                    -122.3345381,
                    47.6050082
                ]
            },
            "properties": {
                "osm_id": 4639109912,
                "osm_type": "nodes",
                "operator": null,
                "operator_type": null,
                "staff_count_nurses": null,
                "health_facility_level": null,
                "medical_system_western": null,
                "name": "Leone Vaughn Davis Orthodonics",
                "toilets_disposal": null,
                "health_facility_type": null,
                "opening_hours": null,
                "healthcare": "dentist",
                "shop": null,
                "toilets_handwashing": null,
                "building": null,
                "status": null,
                "access": null,
                "health_facility_bed": null,
                "denomination": null,
                "historic": null,
                "staff_count_doctors": null,
                "religion": null,
                "amenity": "dentist"
            }
        },
        {
            "type": "Feature",
            "geometry": {
                "type": "Point",
                "coordinates": [
                    -122.320471,
                    47.6077763
                ]
            },
            "properties": {
                "osm_id": 3025599090,
                "osm_type": "nodes",
                "operator": null,
                "operator_type": null,
                "staff_count_nurses": null,
                "health_facility_level": null,
                "medical_system_western": null,
                "name": "Foot & Ankle Center of Washington",
                "toilets_disposal": null,
                "health_facility_type": null,
                "opening_hours": null,
                "healthcare": "podiatrist",
                "shop": null,
                "toilets_handwashing": null,
                "building": null,
                "status": null,
                "access": null,
                "health_facility_bed": null,
                "denomination": null,
                "historic": null,
                "staff_count_doctors": null,
                "religion": null,
                "amenity": "doctors"
            }
        },
        {
            "type": "Feature",
            "geometry": {
                "type": "Point",
                "coordinates": [
                    -122.3153277,
                    47.5927077
                ]
            },
            "properties": {
                "osm_id": 2372771187,
                "osm_type": "nodes",
                "operator": null,
                "operator_type": null,
                "staff_count_nurses": null,
                "health_facility_level": null,
                "medical_system_western": null,
                "name": "Pacific Medical Centers Beacon Hill",
                "toilets_disposal": null,
                "health_facility_type": null,
                "opening_hours": null,
                "healthcare": "clinic",
                "shop": null,
                "toilets_handwashing": null,
                "building": null,
                "status": null,
                "access": null,
                "health_facility_bed": null,
                "denomination": null,
                "historic": null,
                "staff_count_doctors": null,
                "religion": null,
                "amenity": "clinic"
            }
        },
        {
            "type": "Feature",
            "geometry": {
                "type": "Point",
                "coordinates": [
                    -122.3274351,
                    47.5972924
                ]
            },
            "properties": {
                "osm_id": 11476372225,
                "osm_type": "nodes",
                "operator": null,
                "operator_type": null,
                "staff_count_nurses": null,
                "health_facility_level": null,
                "medical_system_western": null,
                "name": null,
                "toilets_disposal": null,
                "health_facility_type": null,
                "opening_hours": null,
                "healthcare": null,
                "shop": null,
                "toilets_handwashing": null,
                "building": null,
                "status": null,
                "access": "customers",
                "health_facility_bed": null,
                "denomination": null,
                "historic": null,
                "staff_count_doctors": null,
                "religion": null,
                "amenity": "toilets"
            }
        },
        {
            "type": "Feature",
            "geometry": {
                "type": "Point",
                "coordinates": [
                    -122.320246,
                    47.6153672
                ]
            },
            "properties": {
                "osm_id": 8144815060,
                "osm_type": "nodes",
                "operator": null,
                "operator_type": null,
                "staff_count_nurses": null,
                "health_facility_level": null,
                "medical_system_western": null,
                "name": "Sugar Pill",
                "toilets_disposal": null,
                "health_facility_type": null,
                "opening_hours": "Mo-Sa 11:00-18:00; Su 11:00-16:00",
                "healthcare": null,
                "shop": "herbalist",
                "toilets_handwashing": null,
                "building": null,
                "status": null,
                "access": null,
                "health_facility_bed": null,
                "denomination": null,
                "historic": null,
                "staff_count_doctors": null,
                "religion": null,
                "amenity": null
            }
        },
        {
            "type": "Feature",
            "geometry": {
                "type": "Point",
                "coordinates": [
                    -122.323769,
                    47.6191689
                ]
            },
            "properties": {
                "osm_id": 2243645136,
                "osm_type": "nodes",
                "operator": null,
                "operator_type": null,
                "staff_count_nurses": null,
                "health_facility_level": null,
                "medical_system_western": null,
                "name": "Capitol Hill Chiropractic & Massage",
                "toilets_disposal": null,
                "health_facility_type": null,
                "opening_hours": null,
                "healthcare": "doctor",
                "shop": null,
                "toilets_handwashing": null,
                "building": null,
                "status": null,
                "access": null,
                "health_facility_bed": null,
                "denomination": null,
                "historic": null,
                "staff_count_doctors": null,
                "religion": null,
                "amenity": "doctors"
            }
        },
        {
            "type": "Feature",
            "geometry": {
                "type": "Point",
                "coordinates": [
                    -122.3175961,
                    47.591788
                ]
            },
            "properties": {
                "osm_id": 9709348975,
                "osm_type": "nodes",
                "operator": null,
                "operator_type": null,
                "staff_count_nurses": null,
                "health_facility_level": null,
                "medical_system_western": null,
                "name": null,
                "toilets_disposal": null,
                "health_facility_type": null,
                "opening_hours": null,
                "healthcare": null,
                "shop": null,
                "toilets_handwashing": null,
                "building": null,
                "status": null,
                "access": null,
                "health_facility_bed": null,
                "denomination": null,
                "historic": "memorial",
                "staff_count_doctors": null,
                "religion": null,
                "amenity": null
            }
        },
        {
            "type": "Feature",
            "geometry": {
                "type": "Point",
                "coordinates": [
                    -122.3265637,
                    47.5997246
                ]
            },
            "properties": {
                "osm_id": 6737287587,
                "osm_type": "nodes",
                "operator": null,
                "operator_type": null,
                "staff_count_nurses": null,
                "health_facility_level": null,
                "medical_system_western": null,
                "name": "Sixth Avenue Dentistry - Nigel W. Saw",
                "toilets_disposal": null,
                "health_facility_type": null,
                "opening_hours": null,
                "healthcare": "dentist",
                "shop": null,
                "toilets_handwashing": null,
                "building": null,
                "status": null,
                "access": null,
                "health_facility_bed": null,
                "denomination": null,
                "historic": null,
                "staff_count_doctors": null,
                "religion": null,
                "amenity": "dentist"
            }
        },
        {
            "type": "Feature",
            "geometry": {
                "type": "Point",
                "coordinates": [
                    -122.3222172,
                    47.5982279
                ]
            },
            "properties": {
                "osm_id": 2434527420,
                "osm_type": "nodes",
                "operator": null,
                "operator_type": null,
                "staff_count_nurses": null,
                "health_facility_level": null,
                "medical_system_western": null,
                "name": "Union Cultural Center",
                "toilets_disposal": null,
                "health_facility_type": null,
                "opening_hours": null,
                "healthcare": null,
                "shop": null,
                "toilets_handwashing": null,
                "building": null,
                "status": null,
                "access": null,
                "health_facility_bed": null,
                "denomination": null,
                "historic": null,
                "staff_count_doctors": null,
                "religion": null,
                "amenity": "community_centre"
            }
        },
        {
            "type": "Feature",
            "geometry": {
                "type": "Point",
                "coordinates": [
                    -122.3242052,
                    47.6091703
                ]
            },
            "properties": {
                "osm_id": 9525009816,
                "osm_type": "nodes",
                "operator": "Dr William Portuese",
                "operator_type": "business",
                "staff_count_nurses": null,
                "health_facility_level": null,
                "medical_system_western": null,
                "name": "The Seattle Facial Plastic Surgery Center",
                "toilets_disposal": null,
                "health_facility_type": null,
                "opening_hours": null,
                "healthcare": "hospital",
                "shop": null,
                "toilets_handwashing": null,
                "building": null,
                "status": null,
                "access": null,
                "health_facility_bed": null,
                "denomination": null,
                "historic": null,
                "staff_count_doctors": null,
                "religion": null,
                "amenity": "hospital"
            }
        },
        {
            "type": "Feature",
            "geometry": {
                "type": "Point",
                "coordinates": [
                    -122.3370104,
                    47.6169214
                ]
            },
            "properties": {
                "osm_id": 2327732065,
                "osm_type": "nodes",
                "operator": null,
                "operator_type": null,
                "staff_count_nurses": null,
                "health_facility_level": null,
                "medical_system_western": null,
                "name": "Washington Talking Book and Braille Library",
                "toilets_disposal": null,
                "health_facility_type": null,
                "opening_hours": "Mo-Fr 08:30-17:00",
                "healthcare": null,
                "shop": null,
                "toilets_handwashing": null,
                "building": null,
                "status": null,
                "access": null,
                "health_facility_bed": null,
                "denomination": null,
                "historic": null,
                "staff_count_doctors": null,
                "religion": null,
                "amenity": "library"
            }
        },
        {
            "type": "Feature",
            "geometry": {
                "type": "Point",
                "coordinates": [
                    -122.32775,
                    47.6149461
                ]
            },
            "properties": {
                "osm_id": 6717424644,
                "osm_type": "nodes",
                "operator": null,
                "operator_type": null,
                "staff_count_nurses": null,
                "health_facility_level": null,
                "medical_system_western": null,
                "name": "Dentologie",
                "toilets_disposal": null,
                "health_facility_type": null,
                "opening_hours": null,
                "healthcare": "dentist",
                "shop": null,
                "toilets_handwashing": null,
                "building": null,
                "status": null,
                "access": null,
                "health_facility_bed": null,
                "denomination": null,
                "historic": null,
                "staff_count_doctors": null,
                "religion": null,
                "amenity": "dentist"
            }
        },
        {
            "type": "Feature",
            "geometry": {
                "type": "Point",
                "coordinates": [
                    -122.345981,
                    47.6140073
                ]
            },
            "properties": {
                "osm_id": 2778695976,
                "osm_type": "nodes",
                "operator": "ZoomCare",
                "operator_type": null,
                "staff_count_nurses": null,
                "health_facility_level": null,
                "medical_system_western": null,
                "name": "ZoomCare",
                "toilets_disposal": null,
                "health_facility_type": null,
                "opening_hours": null,
                "healthcare": "clinic",
                "shop": null,
                "toilets_handwashing": null,
                "building": null,
                "status": null,
                "access": null,
                "health_facility_bed": null,
                "denomination": null,
                "historic": null,
                "staff_count_doctors": null,
                "religion": null,
                "amenity": "clinic"
            }
        },
        {
            "type": "Feature",
            "geometry": {
                "type": "Point",
                "coordinates": [
                    -122.328018,
                    47.607897
                ]
            },
            "properties": {
                "osm_id": 6753638999,
                "osm_type": "nodes",
                "operator": null,
                "operator_type": null,
                "staff_count_nurses": null,
                "health_facility_level": null,
                "medical_system_western": null,
                "name": "Proliance Surgeons",
                "toilets_disposal": null,
                "health_facility_type": null,
                "opening_hours": null,
                "healthcare": "doctor",
                "shop": null,
                "toilets_handwashing": null,
                "building": null,
                "status": null,
                "access": null,
                "health_facility_bed": null,
                "denomination": null,
                "historic": null,
                "staff_count_doctors": null,
                "religion": null,
                "amenity": "doctors"
            }
        },
        {
            "type": "Feature",
            "geometry": {
                "type": "Point",
                "coordinates": [
                    -122.3487559,
                    47.6161714
                ]
            },
            "properties": {
                "osm_id": 3645112130,
                "osm_type": "nodes",
                "operator": null,
                "operator_type": null,
                "staff_count_nurses": null,
                "health_facility_level": null,
                "medical_system_western": null,
                "name": "2nd & Vine Dental",
                "toilets_disposal": null,
                "health_facility_type": null,
                "opening_hours": null,
                "healthcare": "dentist",
                "shop": null,
                "toilets_handwashing": null,
                "building": null,
                "status": null,
                "access": null,
                "health_facility_bed": null,
                "denomination": null,
                "historic": null,
                "staff_count_doctors": null,
                "religion": null,
                "amenity": "dentist"
            }
        },
        {
            "type": "Feature",
            "geometry": {
                "type": "Point",
                "coordinates": [
                    -122.324491,
                    47.5982357
                ]
            },
            "properties": {
                "osm_id": 2434527361,
                "osm_type": "nodes",
                "operator": null,
                "operator_type": null,
                "staff_count_nurses": null,
                "health_facility_level": null,
                "medical_system_western": null,
                "name": "Washington State Acupuncture & Chinese Medicine Center - Therapeutic Chinese Massage & Injury Rehab",
                "toilets_disposal": null,
                "health_facility_type": null,
                "opening_hours": null,
                "healthcare": "doctor",
                "shop": null,
                "toilets_handwashing": null,
                "building": null,
                "status": null,
                "access": null,
                "health_facility_bed": null,
                "denomination": null,
                "historic": null,
                "staff_count_doctors": null,
                "religion": null,
                "amenity": "doctors"
            }
        },
        {
            "type": "Feature",
            "geometry": {
                "type": "Point",
                "coordinates": [
                    -122.345513,
                    47.6188373
                ]
            },
            "properties": {
                "osm_id": 2143279407,
                "osm_type": "nodes",
                "operator": null,
                "operator_type": null,
                "staff_count_nurses": null,
                "health_facility_level": null,
                "medical_system_western": null,
                "name": "Walgreens",
                "toilets_disposal": null,
                "health_facility_type": null,
                "opening_hours": null,
                "healthcare": "pharmacy",
                "shop": null,
                "toilets_handwashing": null,
                "building": null,
                "status": null,
                "access": null,
                "health_facility_bed": null,
                "denomination": null,
                "historic": null,
                "staff_count_doctors": null,
                "religion": null,
                "amenity": "pharmacy"
            }
        },
        {
            "type": "Feature",
            "geometry": {
                "type": "Point",
                "coordinates": [
                    -122.327922,
                    47.6060683
                ]
            },
            "properties": {
                "osm_id": 2159323084,
                "osm_type": "nodes",
                "operator": null,
                "operator_type": null,
                "staff_count_nurses": null,
                "health_facility_level": null,
                "medical_system_western": null,
                "name": "Chesterfield Services",
                "toilets_disposal": null,
                "health_facility_type": null,
                "opening_hours": null,
                "healthcare": "pharmacy",
                "shop": null,
                "toilets_handwashing": null,
                "building": null,
                "status": null,
                "access": null,
                "health_facility_bed": null,
                "denomination": null,
                "historic": null,
                "staff_count_doctors": null,
                "religion": null,
                "amenity": "pharmacy"
            }
        },
        {
            "type": "Feature",
            "geometry": {
                "type": "Point",
                "coordinates": [
                    -122.3337912,
                    47.6003577
                ]
            },
            "properties": {
                "osm_id": 3665231736,
                "osm_type": "nodes",
                "operator": null,
                "operator_type": null,
                "staff_count_nurses": null,
                "health_facility_level": null,
                "medical_system_western": null,
                "name": "The Hidden Alchemist",
                "toilets_disposal": null,
                "health_facility_type": null,
                "opening_hours": null,
                "healthcare": null,
                "shop": "herbalist",
                "toilets_handwashing": null,
                "building": null,
                "status": null,
                "access": null,
                "health_facility_bed": null,
                "denomination": null,
                "historic": null,
                "staff_count_doctors": null,
                "religion": null,
                "amenity": null
            }
        },
        {
            "type": "Feature",
            "geometry": {
                "type": "Point",
                "coordinates": [
                    -122.331271,
                    47.6012773
                ]
            },
            "properties": {
                "osm_id": 2351712524,
                "osm_type": "nodes",
                "operator": null,
                "operator_type": null,
                "staff_count_nurses": null,
                "health_facility_level": null,
                "medical_system_western": null,
                "name": "Chief Seattle Club",
                "toilets_disposal": null,
                "health_facility_type": null,
                "opening_hours": null,
                "healthcare": null,
                "shop": null,
                "toilets_handwashing": null,
                "building": null,
                "status": null,
                "access": null,
                "health_facility_bed": null,
                "denomination": null,
                "historic": null,
                "staff_count_doctors": null,
                "religion": null,
                "amenity": "community_centre"
            }
        },
        {
            "type": "Feature",
            "geometry": {
                "type": "Point",
                "coordinates": [
                    -122.3131246,
                    47.6144887
                ]
            },
            "properties": {
                "osm_id": 11982349631,
                "osm_type": "nodes",
                "operator": null,
                "operator_type": null,
                "staff_count_nurses": null,
                "health_facility_level": null,
                "medical_system_western": null,
                "name": "1st Health Chiropractic",
                "toilets_disposal": null,
                "health_facility_type": null,
                "opening_hours": null,
                "healthcare": "alternative",
                "shop": null,
                "toilets_handwashing": null,
                "building": null,
                "status": null,
                "access": null,
                "health_facility_bed": null,
                "denomination": null,
                "historic": null,
                "staff_count_doctors": null,
                "religion": null,
                "amenity": null
            }
        },
        {
            "type": "Feature",
            "geometry": {
                "type": "Point",
                "coordinates": [
                    -122.324341,
                    47.5981017
                ]
            },
            "properties": {
                "osm_id": 2434527263,
                "osm_type": "nodes",
                "operator": null,
                "operator_type": null,
                "staff_count_nurses": null,
                "health_facility_level": null,
                "medical_system_western": null,
                "name": "Mother Yoga Seattle",
                "toilets_disposal": null,
                "health_facility_type": null,
                "opening_hours": null,
                "healthcare": null,
                "shop": null,
                "toilets_handwashing": null,
                "building": null,
                "status": null,
                "access": null,
                "health_facility_bed": null,
                "denomination": "experimential",
                "historic": null,
                "staff_count_doctors": null,
                "religion": "spiritualist",
                "amenity": "place_of_worship"
            }
        },
        {
            "type": "Feature",
            "geometry": {
                "type": "Point",
                "coordinates": [
                    -122.3252631,
                    47.5973047
                ]
            },
            "properties": {
                "osm_id": 2434531545,
                "osm_type": "nodes",
                "operator": null,
                "operator_type": null,
                "staff_count_nurses": null,
                "health_facility_level": null,
                "medical_system_western": null,
                "name": "Luke's Pharmacy",
                "toilets_disposal": null,
                "health_facility_type": null,
                "opening_hours": null,
                "healthcare": "pharmacy",
                "shop": null,
                "toilets_handwashing": null,
                "building": null,
                "status": null,
                "access": null,
                "health_facility_bed": null,
                "denomination": null,
                "historic": null,
                "staff_count_doctors": null,
                "religion": null,
                "amenity": "pharmacy"
            }
        },
        {
            "type": "Feature",
            "geometry": {
                "type": "Point",
                "coordinates": [
                    -122.3226387,
                    47.596027
                ]
            },
            "properties": {
                "osm_id": 2434531628,
                "osm_type": "nodes",
                "operator": null,
                "operator_type": null,
                "staff_count_nurses": null,
                "health_facility_level": null,
                "medical_system_western": null,
                "name": "International District/Chinatown Community Center",
                "toilets_disposal": null,
                "health_facility_type": null,
                "opening_hours": null,
                "healthcare": null,
                "shop": null,
                "toilets_handwashing": null,
                "building": null,
                "status": null,
                "access": null,
                "health_facility_bed": null,
                "denomination": null,
                "historic": null,
                "staff_count_doctors": null,
                "religion": null,
                "amenity": "community_centre"
            }
        },
        {
            "type": "Feature",
            "geometry": {
                "type": "Point",
                "coordinates": [
                    -122.3204383,
                    47.5993659
                ]
            },
            "properties": {
                "osm_id": 10544095459,
                "osm_type": "nodes",
                "operator": null,
                "operator_type": null,
                "staff_count_nurses": null,
                "health_facility_level": null,
                "medical_system_western": null,
                "name": "Pacific Vision Care Center",
                "toilets_disposal": null,
                "health_facility_type": null,
                "opening_hours": null,
                "healthcare": "optometrist",
                "shop": null,
                "toilets_handwashing": null,
                "building": null,
                "status": null,
                "access": null,
                "health_facility_bed": null,
                "denomination": null,
                "historic": null,
                "staff_count_doctors": null,
                "religion": null,
                "amenity": null
            }
        },
        {
            "type": "Feature",
            "geometry": {
                "type": "Point",
                "coordinates": [
                    -122.3183717,
                    47.6133049
                ]
            },
            "properties": {
                "osm_id": 2158750356,
                "osm_type": "nodes",
                "operator": "Walgreens",
                "operator_type": null,
                "staff_count_nurses": null,
                "health_facility_level": null,
                "medical_system_western": null,
                "name": "Walgreens",
                "toilets_disposal": null,
                "health_facility_type": null,
                "opening_hours": "07:00-19:00",
                "healthcare": "pharmacy",
                "shop": null,
                "toilets_handwashing": null,
                "building": null,
                "status": null,
                "access": null,
                "health_facility_bed": null,
                "denomination": null,
                "historic": null,
                "staff_count_doctors": null,
                "religion": null,
                "amenity": "pharmacy"
            }
        },
        {
            "type": "Feature",
            "geometry": {
                "type": "Point",
                "coordinates": [
                    -122.3203141,
                    47.6188438
                ]
            },
            "properties": {
                "osm_id": 12863504143,
                "osm_type": "nodes",
                "operator": null,
                "operator_type": null,
                "staff_count_nurses": null,
                "health_facility_level": null,
                "medical_system_western": null,
                "name": null,
                "toilets_disposal": null,
                "health_facility_type": null,
                "opening_hours": null,
                "healthcare": null,
                "shop": null,
                "toilets_handwashing": null,
                "building": null,
                "status": null,
                "access": null,
                "health_facility_bed": null,
                "denomination": null,
                "historic": "memorial",
                "staff_count_doctors": null,
                "religion": null,
                "amenity": null
            }
        },
        {
            "type": "Feature",
            "geometry": {
                "type": "Point",
                "coordinates": [
                    -122.3206466,
                    47.6185962
                ]
            },
            "properties": {
                "osm_id": 11974443107,
                "osm_type": "nodes",
                "operator": null,
                "operator_type": null,
                "staff_count_nurses": null,
                "health_facility_level": null,
                "medical_system_western": null,
                "name": "Seattle's Capitol Hill Dentist",
                "toilets_disposal": null,
                "health_facility_type": null,
                "opening_hours": null,
                "healthcare": "dentist",
                "shop": null,
                "toilets_handwashing": null,
                "building": null,
                "status": null,
                "access": null,
                "health_facility_bed": null,
                "denomination": null,
                "historic": null,
                "staff_count_doctors": null,
                "religion": null,
                "amenity": "dentist"
            }
        },
        {
            "type": "Feature",
            "geometry": {
                "type": "Point",
                "coordinates": [
                    -122.3220062,
                    47.6186622
                ]
            },
            "properties": {
                "osm_id": 11832210968,
                "osm_type": "nodes",
                "operator": null,
                "operator_type": null,
                "staff_count_nurses": null,
                "health_facility_level": null,
                "medical_system_western": null,
                "name": null,
                "toilets_disposal": null,
                "health_facility_type": null,
                "opening_hours": null,
                "healthcare": null,
                "shop": null,
                "toilets_handwashing": null,
                "building": null,
                "status": null,
                "access": null,
                "health_facility_bed": null,
                "denomination": null,
                "historic": "memorial",
                "staff_count_doctors": null,
                "religion": null,
                "amenity": null
            }
        },
        {
            "type": "Feature",
            "geometry": {
                "type": "Point",
                "coordinates": [
                    -122.337728,
                    47.6179278
                ]
            },
            "properties": {
                "osm_id": 3881573102,
                "osm_type": "nodes",
                "operator": null,
                "operator_type": null,
                "staff_count_nurses": null,
                "health_facility_level": null,
                "medical_system_western": null,
                "name": "2200 Westlake Dentistry",
                "toilets_disposal": null,
                "health_facility_type": null,
                "opening_hours": null,
                "healthcare": "dentist",
                "shop": null,
                "toilets_handwashing": null,
                "building": null,
                "status": null,
                "access": null,
                "health_facility_bed": null,
                "denomination": null,
                "historic": null,
                "staff_count_doctors": null,
                "religion": null,
                "amenity": "dentist"
            }
        },
        {
            "type": "Feature",
            "geometry": {
                "type": "Point",
                "coordinates": [
                    -122.333958,
                    47.6024672
                ]
            },
            "properties": {
                "osm_id": 2054069563,
                "osm_type": "nodes",
                "operator": null,
                "operator_type": null,
                "staff_count_nurses": null,
                "health_facility_level": null,
                "medical_system_western": null,
                "name": "Hope is Alive",
                "toilets_disposal": null,
                "health_facility_type": null,
                "opening_hours": null,
                "healthcare": null,
                "shop": null,
                "toilets_handwashing": null,
                "building": null,
                "status": null,
                "access": null,
                "health_facility_bed": null,
                "denomination": null,
                "historic": null,
                "staff_count_doctors": null,
                "religion": "christian",
                "amenity": "place_of_worship"
            }
        },
        {
            "type": "Feature",
            "geometry": {
                "type": "Point",
                "coordinates": [
                    -122.325373,
                    47.6085375
                ]
            },
            "properties": {
                "osm_id": 2159323195,
                "osm_type": "nodes",
                "operator": null,
                "operator_type": null,
                "staff_count_nurses": null,
                "health_facility_level": null,
                "medical_system_western": null,
                "name": "First Hill Dental Center",
                "toilets_disposal": null,
                "health_facility_type": null,
                "opening_hours": "Mo-Th 07:00-16:00",
                "healthcare": "dentist",
                "shop": null,
                "toilets_handwashing": null,
                "building": null,
                "status": null,
                "access": null,
                "health_facility_bed": null,
                "denomination": null,
                "historic": null,
                "staff_count_doctors": null,
                "religion": null,
                "amenity": "dentist"
            }
        },
        {
            "type": "Feature",
            "geometry": {
                "type": "Point",
                "coordinates": [
                    -122.3589606,
                    47.6183635
                ]
            },
            "properties": {
                "osm_id": 11661736111,
                "osm_type": "nodes",
                "operator": null,
                "operator_type": null,
                "staff_count_nurses": null,
                "health_facility_level": null,
                "medical_system_western": null,
                "name": "Caboose",
                "toilets_disposal": null,
                "health_facility_type": null,
                "opening_hours": null,
                "healthcare": null,
                "shop": null,
                "toilets_handwashing": null,
                "building": null,
                "status": null,
                "access": null,
                "health_facility_bed": null,
                "denomination": null,
                "historic": "railcar",
                "staff_count_doctors": null,
                "religion": null,
                "amenity": null
            }
        },
        {
            "type": "Feature",
            "geometry": {
                "type": "Point",
                "coordinates": [
                    -122.3302904,
                    47.617675
                ]
            },
            "properties": {
                "osm_id": 6483256385,
                "osm_type": "nodes",
                "operator": null,
                "operator_type": null,
                "staff_count_nurses": null,
                "health_facility_level": null,
                "medical_system_western": null,
                "name": "Paramount Dental Center",
                "toilets_disposal": null,
                "health_facility_type": null,
                "opening_hours": null,
                "healthcare": "dentist",
                "shop": null,
                "toilets_handwashing": null,
                "building": null,
                "status": null,
                "access": null,
                "health_facility_bed": null,
                "denomination": null,
                "historic": null,
                "staff_count_doctors": null,
                "religion": null,
                "amenity": "dentist"
            }
        },
        {
            "type": "Feature",
            "geometry": {
                "type": "Point",
                "coordinates": [
                    -122.3200784,
                    47.6077219
                ]
            },
            "properties": {
                "osm_id": 11932321849,
                "osm_type": "nodes",
                "operator": null,
                "operator_type": null,
                "staff_count_nurses": null,
                "health_facility_level": null,
                "medical_system_western": null,
                "name": "Seattle Hand Surgery Group",
                "toilets_disposal": null,
                "health_facility_type": null,
                "opening_hours": "Mo-Fr 08:30-17:00",
                "healthcare": "doctor",
                "shop": null,
                "toilets_handwashing": null,
                "building": null,
                "status": null,
                "access": null,
                "health_facility_bed": null,
                "denomination": null,
                "historic": null,
                "staff_count_doctors": null,
                "religion": null,
                "amenity": "doctors"
            }
        },
        {
            "type": "Feature",
            "geometry": {
                "type": "Point",
                "coordinates": [
                    -122.3247766,
                    47.5972746
                ]
            },
            "properties": {
                "osm_id": 6737269590,
                "osm_type": "nodes",
                "operator": null,
                "operator_type": null,
                "staff_count_nurses": null,
                "health_facility_level": null,
                "medical_system_western": null,
                "name": "Seattle Gospel Center",
                "toilets_disposal": null,
                "health_facility_type": null,
                "opening_hours": null,
                "healthcare": null,
                "shop": null,
                "toilets_handwashing": null,
                "building": null,
                "status": null,
                "access": null,
                "health_facility_bed": null,
                "denomination": null,
                "historic": null,
                "staff_count_doctors": null,
                "religion": "christian",
                "amenity": "place_of_worship"
            }
        },
        {
            "type": "Feature",
            "geometry": {
                "type": "Point",
                "coordinates": [
                    -122.3411082,
                    47.6187111
                ]
            },
            "properties": {
                "osm_id": 3211770185,
                "osm_type": "nodes",
                "operator": null,
                "operator_type": null,
                "staff_count_nurses": null,
                "health_facility_level": null,
                "medical_system_western": null,
                "name": "Dr. Mark A. Matthews",
                "toilets_disposal": null,
                "health_facility_type": null,
                "opening_hours": null,
                "healthcare": null,
                "shop": null,
                "toilets_handwashing": null,
                "building": null,
                "status": null,
                "access": null,
                "health_facility_bed": null,
                "denomination": null,
                "historic": "memorial",
                "staff_count_doctors": null,
                "religion": null,
                "amenity": null
            }
        },
        {
            "type": "Feature",
            "geometry": {
                "type": "Point",
                "coordinates": [
                    -122.3420875,
                    47.6060042
                ]
            },
            "properties": {
                "osm_id": 3994235090,
                "osm_type": "nodes",
                "operator": null,
                "operator_type": null,
                "staff_count_nurses": null,
                "health_facility_level": null,
                "medical_system_western": null,
                "name": null,
                "toilets_disposal": null,
                "health_facility_type": null,
                "opening_hours": null,
                "healthcare": null,
                "shop": null,
                "toilets_handwashing": null,
                "building": null,
                "status": null,
                "access": null,
                "health_facility_bed": null,
                "denomination": null,
                "historic": null,
                "staff_count_doctors": null,
                "religion": null,
                "amenity": "toilets"
            }
        },
        {
            "type": "Feature",
            "geometry": {
                "type": "Point",
                "coordinates": [
                    -122.3328731,
                    47.6064367
                ]
            },
            "properties": {
                "osm_id": 7684336148,
                "osm_type": "nodes",
                "operator": null,
                "operator_type": null,
                "staff_count_nurses": null,
                "health_facility_level": null,
                "medical_system_western": null,
                "name": null,
                "toilets_disposal": "flush",
                "health_facility_type": null,
                "opening_hours": null,
                "healthcare": null,
                "shop": null,
                "toilets_handwashing": null,
                "building": null,
                "status": null,
                "access": "yes",
                "health_facility_bed": null,
                "denomination": null,
                "historic": null,
                "staff_count_doctors": null,
                "religion": null,
                "amenity": "toilets"
            }
        },
        {
            "type": "Feature",
            "geometry": {
                "type": "Point",
                "coordinates": [
                    -122.3374495,
                    47.6057537
                ]
            },
            "properties": {
                "osm_id": 3942806659,
                "osm_type": "nodes",
                "operator": null,
                "operator_type": null,
                "staff_count_nurses": null,
                "health_facility_level": null,
                "medical_system_western": null,
                "name": "Grand Pacific Hotel plaque",
                "toilets_disposal": null,
                "health_facility_type": null,
                "opening_hours": null,
                "healthcare": null,
                "shop": null,
                "toilets_handwashing": null,
                "building": null,
                "status": null,
                "access": null,
                "health_facility_bed": null,
                "denomination": null,
                "historic": "memorial",
                "staff_count_doctors": null,
                "religion": null,
                "amenity": null
            }
        },
        {
            "type": "Feature",
            "geometry": {
                "type": "Point",
                "coordinates": [
                    -122.3178865,
                    47.5977432
                ]
            },
            "properties": {
                "osm_id": 2434539211,
                "osm_type": "nodes",
                "operator": null,
                "operator_type": null,
                "staff_count_nurses": null,
                "health_facility_level": null,
                "medical_system_western": null,
                "name": "Nichiren Buddhist Church",
                "toilets_disposal": null,
                "health_facility_type": null,
                "opening_hours": null,
                "healthcare": null,
                "shop": null,
                "toilets_handwashing": null,
                "building": null,
                "status": null,
                "access": null,
                "health_facility_bed": null,
                "denomination": null,
                "historic": null,
                "staff_count_doctors": null,
                "religion": "buddhist",
                "amenity": "place_of_worship"
            }
        },
        {
            "type": "Feature",
            "geometry": {
                "type": "Point",
                "coordinates": [
                    -122.3190393,
                    47.597629
                ]
            },
            "properties": {
                "osm_id": 2434539189,
                "osm_type": "nodes",
                "operator": null,
                "operator_type": null,
                "staff_count_nurses": null,
                "health_facility_level": null,
                "medical_system_western": null,
                "name": "Fa Sheng Buddhist Meditation Temple",
                "toilets_disposal": null,
                "health_facility_type": null,
                "opening_hours": null,
                "healthcare": null,
                "shop": null,
                "toilets_handwashing": null,
                "building": null,
                "status": null,
                "access": null,
                "health_facility_bed": null,
                "denomination": null,
                "historic": null,
                "staff_count_doctors": null,
                "religion": "buddhist",
                "amenity": "place_of_worship"
            }
        },
        {
            "type": "Feature",
            "geometry": {
                "type": "Point",
                "coordinates": [
                    -122.3245398,
                    47.6094155
                ]
            },
            "properties": {
                "osm_id": 2159322716,
                "osm_type": "nodes",
                "operator": null,
                "operator_type": null,
                "staff_count_nurses": null,
                "health_facility_level": null,
                "medical_system_western": null,
                "name": "GNC",
                "toilets_disposal": null,
                "health_facility_type": null,
                "opening_hours": null,
                "healthcare": null,
                "shop": "nutrition_supplements",
                "toilets_handwashing": null,
                "building": null,
                "status": null,
                "access": null,
                "health_facility_bed": null,
                "denomination": null,
                "historic": null,
                "staff_count_doctors": null,
                "religion": null,
                "amenity": null
            }
        },
        {
            "type": "Feature",
            "geometry": {
                "type": "Point",
                "coordinates": [
                    -122.324216,
                    47.6091718
                ]
            },
            "properties": {
                "osm_id": 3645311542,
                "osm_type": "nodes",
                "operator": null,
                "operator_type": null,
                "staff_count_nurses": null,
                "health_facility_level": null,
                "medical_system_western": null,
                "name": "The Seattle Rhinoplasty Center",
                "toilets_disposal": null,
                "health_facility_type": null,
                "opening_hours": null,
                "healthcare": "doctor",
                "shop": null,
                "toilets_handwashing": null,
                "building": null,
                "status": null,
                "access": null,
                "health_facility_bed": null,
                "denomination": null,
                "historic": null,
                "staff_count_doctors": null,
                "religion": null,
                "amenity": "doctors"
            }
        },
        {
            "type": "Feature",
            "geometry": {
                "type": "Point",
                "coordinates": [
                    -122.3224586,
                    47.6131698
                ]
            },
            "properties": {
                "osm_id": 4366491928,
                "osm_type": "nodes",
                "operator": null,
                "operator_type": null,
                "staff_count_nurses": null,
                "health_facility_level": null,
                "medical_system_western": null,
                "name": "Knights of Columbus Hall",
                "toilets_disposal": null,
                "health_facility_type": null,
                "opening_hours": null,
                "healthcare": null,
                "shop": null,
                "toilets_handwashing": null,
                "building": null,
                "status": null,
                "access": null,
                "health_facility_bed": null,
                "denomination": null,
                "historic": "yes",
                "staff_count_doctors": null,
                "religion": null,
                "amenity": null
            }
        },
        {
            "type": "Feature",
            "geometry": {
                "type": "Point",
                "coordinates": [
                    -122.3335655,
                    47.609985
                ]
            },
            "properties": {
                "osm_id": 6817803056,
                "osm_type": "nodes",
                "operator": null,
                "operator_type": null,
                "staff_count_nurses": null,
                "health_facility_level": null,
                "medical_system_western": null,
                "name": null,
                "toilets_disposal": null,
                "health_facility_type": null,
                "opening_hours": null,
                "healthcare": null,
                "shop": null,
                "toilets_handwashing": null,
                "building": null,
                "status": null,
                "access": null,
                "health_facility_bed": null,
                "denomination": null,
                "historic": "memorial",
                "staff_count_doctors": null,
                "religion": null,
                "amenity": null
            }
        },
        {
            "type": "Feature",
            "geometry": {
                "type": "Point",
                "coordinates": [
                    -122.3334556,
                    47.6087034
                ]
            },
            "properties": {
                "osm_id": 6489608621,
                "osm_type": "nodes",
                "operator": null,
                "operator_type": null,
                "staff_count_nurses": null,
                "health_facility_level": null,
                "medical_system_western": null,
                "name": "Seattle Ice Arena Memorial",
                "toilets_disposal": null,
                "health_facility_type": null,
                "opening_hours": null,
                "healthcare": null,
                "shop": null,
                "toilets_handwashing": null,
                "building": null,
                "status": null,
                "access": null,
                "health_facility_bed": null,
                "denomination": null,
                "historic": "memorial",
                "staff_count_doctors": null,
                "religion": null,
                "amenity": null
            }
        },
        {
            "type": "Feature",
            "geometry": {
                "type": "Point",
                "coordinates": [
                    -122.3538386,
                    47.6162923
                ]
            },
            "properties": {
                "osm_id": 5067540221,
                "osm_type": "nodes",
                "operator": null,
                "operator_type": null,
                "staff_count_nurses": null,
                "health_facility_level": null,
                "medical_system_western": null,
                "name": null,
                "toilets_disposal": null,
                "health_facility_type": null,
                "opening_hours": null,
                "healthcare": null,
                "shop": null,
                "toilets_handwashing": null,
                "building": null,
                "status": null,
                "access": null,
                "health_facility_bed": null,
                "denomination": null,
                "historic": null,
                "staff_count_doctors": null,
                "religion": null,
                "amenity": "toilets"
            }
        },
        {
            "type": "Feature",
            "geometry": {
                "type": "Point",
                "coordinates": [
                    -122.3176354,
                    47.6138829
                ]
            },
            "properties": {
                "osm_id": 8144518430,
                "osm_type": "nodes",
                "operator": null,
                "operator_type": null,
                "staff_count_nurses": null,
                "health_facility_level": null,
                "medical_system_western": null,
                "name": null,
                "toilets_disposal": "flush",
                "health_facility_type": null,
                "opening_hours": null,
                "healthcare": null,
                "shop": null,
                "toilets_handwashing": null,
                "building": null,
                "status": null,
                "access": null,
                "health_facility_bed": null,
                "denomination": null,
                "historic": null,
                "staff_count_doctors": null,
                "religion": null,
                "amenity": "toilets"
            }
        },
        {
            "type": "Feature",
            "geometry": {
                "type": "Point",
                "coordinates": [
                    -122.317198,
                    47.6138081
                ]
            },
            "properties": {
                "osm_id": 10069749028,
                "osm_type": "nodes",
                "operator": null,
                "operator_type": null,
                "staff_count_nurses": null,
                "health_facility_level": null,
                "medical_system_western": null,
                "name": null,
                "toilets_disposal": "flush",
                "health_facility_type": null,
                "opening_hours": null,
                "healthcare": null,
                "shop": null,
                "toilets_handwashing": null,
                "building": null,
                "status": null,
                "access": "customers",
                "health_facility_bed": null,
                "denomination": null,
                "historic": null,
                "staff_count_doctors": null,
                "religion": null,
                "amenity": "toilets"
            }
        },
        {
            "type": "Feature",
            "geometry": {
                "type": "Point",
                "coordinates": [
                    -122.333804,
                    47.609864
                ]
            },
            "properties": {
                "osm_id": 2404244874,
                "osm_type": "nodes",
                "operator": "ZoomCare",
                "operator_type": null,
                "staff_count_nurses": null,
                "health_facility_level": null,
                "medical_system_western": null,
                "name": "ZoomCare",
                "toilets_disposal": null,
                "health_facility_type": null,
                "opening_hours": null,
                "healthcare": "clinic",
                "shop": null,
                "toilets_handwashing": null,
                "building": null,
                "status": null,
                "access": null,
                "health_facility_bed": null,
                "denomination": null,
                "historic": null,
                "staff_count_doctors": null,
                "religion": null,
                "amenity": "clinic"
            }
        },
        {
            "type": "Feature",
            "geometry": {
                "type": "Point",
                "coordinates": [
                    -122.3367365,
                    47.6127982
                ]
            },
            "properties": {
                "osm_id": 10183379656,
                "osm_type": "nodes",
                "operator": null,
                "operator_type": null,
                "staff_count_nurses": null,
                "health_facility_level": null,
                "medical_system_western": null,
                "name": "Seattle Infectious Disease Clinic",
                "toilets_disposal": null,
                "health_facility_type": null,
                "opening_hours": null,
                "healthcare": "clinic",
                "shop": null,
                "toilets_handwashing": null,
                "building": null,
                "status": null,
                "access": null,
                "health_facility_bed": null,
                "denomination": null,
                "historic": null,
                "staff_count_doctors": null,
                "religion": null,
                "amenity": "clinic"
            }
        },
        {
            "type": "Feature",
            "geometry": {
                "type": "Point",
                "coordinates": [
                    -122.3365807,
                    47.6128674
                ]
            },
            "properties": {
                "osm_id": 2404211132,
                "osm_type": "nodes",
                "operator": null,
                "operator_type": null,
                "staff_count_nurses": null,
                "health_facility_level": null,
                "medical_system_western": null,
                "name": "Emergency Dental Care USA",
                "toilets_disposal": null,
                "health_facility_type": null,
                "opening_hours": null,
                "healthcare": "dentist",
                "shop": null,
                "toilets_handwashing": null,
                "building": null,
                "status": null,
                "access": null,
                "health_facility_bed": null,
                "denomination": null,
                "historic": null,
                "staff_count_doctors": null,
                "religion": null,
                "amenity": "dentist"
            }
        },
        {
            "type": "Feature",
            "geometry": {
                "type": "Point",
                "coordinates": [
                    -122.3351689,
                    47.609937
                ]
            },
            "properties": {
                "osm_id": 4438089564,
                "osm_type": "nodes",
                "operator": null,
                "operator_type": null,
                "staff_count_nurses": null,
                "health_facility_level": null,
                "medical_system_western": null,
                "name": "Hillclimb Chiropractic Clinic",
                "toilets_disposal": null,
                "health_facility_type": null,
                "opening_hours": null,
                "healthcare": "alternative",
                "shop": null,
                "toilets_handwashing": null,
                "building": null,
                "status": null,
                "access": null,
                "health_facility_bed": null,
                "denomination": null,
                "historic": null,
                "staff_count_doctors": null,
                "religion": null,
                "amenity": null
            }
        },
        {
            "type": "Feature",
            "geometry": {
                "type": "Point",
                "coordinates": [
                    -122.3397133,
                    47.6098432
                ]
            },
            "properties": {
                "osm_id": 4639109902,
                "osm_type": "nodes",
                "operator": null,
                "operator_type": null,
                "staff_count_nurses": null,
                "health_facility_level": null,
                "medical_system_western": null,
                "name": "Christian Science Reading Room",
                "toilets_disposal": null,
                "health_facility_type": null,
                "opening_hours": "Mo-Fr 11:00-18:00",
                "healthcare": null,
                "shop": null,
                "toilets_handwashing": null,
                "building": null,
                "status": null,
                "access": null,
                "health_facility_bed": null,
                "denomination": null,
                "historic": null,
                "staff_count_doctors": null,
                "religion": null,
                "amenity": "library"
            }
        },
        {
            "type": "Feature",
            "geometry": {
                "type": "Point",
                "coordinates": [
                    -122.3408506,
                    47.6059891
                ]
            },
            "properties": {
                "osm_id": 3994235086,
                "osm_type": "nodes",
                "operator": null,
                "operator_type": null,
                "staff_count_nurses": null,
                "health_facility_level": null,
                "medical_system_western": null,
                "name": null,
                "toilets_disposal": "flush",
                "health_facility_type": null,
                "opening_hours": null,
                "healthcare": null,
                "shop": null,
                "toilets_handwashing": null,
                "building": null,
                "status": null,
                "access": "permissive",
                "health_facility_bed": null,
                "denomination": null,
                "historic": null,
                "staff_count_doctors": null,
                "religion": null,
                "amenity": "toilets"
            }
        },
        {
            "type": "Feature",
            "geometry": {
                "type": "Point",
                "coordinates": [
                    -122.322052,
                    47.5961337
                ]
            },
            "properties": {
                "osm_id": 2434531630,
                "osm_type": "nodes",
                "operator": null,
                "operator_type": null,
                "staff_count_nurses": null,
                "health_facility_level": null,
                "medical_system_western": null,
                "name": "ICHS",
                "toilets_disposal": null,
                "health_facility_type": null,
                "opening_hours": null,
                "healthcare": "clinic",
                "shop": null,
                "toilets_handwashing": null,
                "building": null,
                "status": null,
                "access": null,
                "health_facility_bed": null,
                "denomination": null,
                "historic": null,
                "staff_count_doctors": null,
                "religion": null,
                "amenity": "clinic"
            }
        },
        {
            "type": "Feature",
            "geometry": {
                "type": "Point",
                "coordinates": [
                    -122.351772,
                    47.6151548
                ]
            },
            "properties": {
                "osm_id": 9923569717,
                "osm_type": "nodes",
                "operator": null,
                "operator_type": null,
                "staff_count_nurses": null,
                "health_facility_level": null,
                "medical_system_western": null,
                "name": "Oriental Medicine",
                "toilets_disposal": null,
                "health_facility_type": null,
                "opening_hours": null,
                "healthcare": "pharmacy",
                "shop": null,
                "toilets_handwashing": null,
                "building": null,
                "status": null,
                "access": null,
                "health_facility_bed": null,
                "denomination": null,
                "historic": null,
                "staff_count_doctors": null,
                "religion": null,
                "amenity": "pharmacy"
            }
        },
        {
            "type": "Feature",
            "geometry": {
                "type": "Point",
                "coordinates": [
                    -122.3437393,
                    47.616627
                ]
            },
            "properties": {
                "osm_id": 4813783743,
                "osm_type": "nodes",
                "operator": null,
                "operator_type": null,
                "staff_count_nurses": null,
                "health_facility_level": null,
                "medical_system_western": null,
                "name": "Belltown Modern Dentistry",
                "toilets_disposal": null,
                "health_facility_type": null,
                "opening_hours": null,
                "healthcare": "dentist",
                "shop": null,
                "toilets_handwashing": null,
                "building": null,
                "status": null,
                "access": null,
                "health_facility_bed": null,
                "denomination": null,
                "historic": null,
                "staff_count_doctors": null,
                "religion": null,
                "amenity": "dentist"
            }
        },
        {
            "type": "Feature",
            "geometry": {
                "type": "Point",
                "coordinates": [
                    -122.3178028,
                    47.5996684
                ]
            },
            "properties": {
                "osm_id": 2375463067,
                "osm_type": "nodes",
                "operator": null,
                "operator_type": null,
                "staff_count_nurses": null,
                "health_facility_level": null,
                "medical_system_western": null,
                "name": "Chong Wah",
                "toilets_disposal": null,
                "health_facility_type": null,
                "opening_hours": null,
                "healthcare": null,
                "shop": "herbalist",
                "toilets_handwashing": null,
                "building": null,
                "status": null,
                "access": null,
                "health_facility_bed": null,
                "denomination": null,
                "historic": null,
                "staff_count_doctors": null,
                "religion": null,
                "amenity": null
            }
        },
        {
            "type": "Feature",
            "geometry": {
                "type": "Point",
                "coordinates": [
                    -122.3245305,
                    47.5993517
                ]
            },
            "properties": {
                "osm_id": 6737285790,
                "osm_type": "nodes",
                "operator": null,
                "operator_type": null,
                "staff_count_nurses": null,
                "health_facility_level": null,
                "medical_system_western": null,
                "name": "Acupuncture & Disability Research Center",
                "toilets_disposal": null,
                "health_facility_type": null,
                "opening_hours": null,
                "healthcare": "doctor",
                "shop": null,
                "toilets_handwashing": null,
                "building": null,
                "status": null,
                "access": null,
                "health_facility_bed": null,
                "denomination": null,
                "historic": null,
                "staff_count_doctors": null,
                "religion": null,
                "amenity": "doctors"
            }
        },
        {
            "type": "Feature",
            "geometry": {
                "type": "Point",
                "coordinates": [
                    -122.3244679,
                    47.5982156
                ]
            },
            "properties": {
                "osm_id": 8588654898,
                "osm_type": "nodes",
                "operator": null,
                "operator_type": null,
                "staff_count_nurses": null,
                "health_facility_level": null,
                "medical_system_western": null,
                "name": "參茸藥材行",
                "toilets_disposal": null,
                "health_facility_type": null,
                "opening_hours": null,
                "healthcare": null,
                "shop": "herbalist",
                "toilets_handwashing": null,
                "building": null,
                "status": null,
                "access": null,
                "health_facility_bed": null,
                "denomination": null,
                "historic": null,
                "staff_count_doctors": null,
                "religion": null,
                "amenity": null
            }
        },
        {
            "type": "Feature",
            "geometry": {
                "type": "Point",
                "coordinates": [
                    -122.3482374,
                    47.6190613
                ]
            },
            "properties": {
                "osm_id": 5599440523,
                "osm_type": "nodes",
                "operator": null,
                "operator_type": null,
                "staff_count_nurses": null,
                "health_facility_level": null,
                "medical_system_western": null,
                "name": "CurPoint",
                "toilets_disposal": null,
                "health_facility_type": null,
                "opening_hours": null,
                "healthcare": "doctor",
                "shop": null,
                "toilets_handwashing": null,
                "building": null,
                "status": null,
                "access": null,
                "health_facility_bed": null,
                "denomination": null,
                "historic": null,
                "staff_count_doctors": null,
                "religion": null,
                "amenity": "doctors"
            }
        },
        {
            "type": "Feature",
            "geometry": {
                "type": "Point",
                "coordinates": [
                    -122.3381513,
                    47.6097823
                ]
            },
            "properties": {
                "osm_id": 2404247474,
                "osm_type": "nodes",
                "operator": null,
                "operator_type": null,
                "staff_count_nurses": null,
                "health_facility_level": null,
                "medical_system_western": null,
                "name": "Walgreens",
                "toilets_disposal": null,
                "health_facility_type": null,
                "opening_hours": "Mo-Fr 07:00-20:00; Sa 07:00-20:00; Su 07:00-20:00",
                "healthcare": "pharmacy",
                "shop": null,
                "toilets_handwashing": null,
                "building": null,
                "status": null,
                "access": null,
                "health_facility_bed": null,
                "denomination": null,
                "historic": null,
                "staff_count_doctors": null,
                "religion": null,
                "amenity": "pharmacy"
            }
        },
        {
            "type": "Feature",
            "geometry": {
                "type": "Point",
                "coordinates": [
                    -122.3309878,
                    47.6090459
                ]
            },
            "properties": {
                "osm_id": 6193806771,
                "osm_type": "nodes",
                "operator": null,
                "operator_type": null,
                "staff_count_nurses": null,
                "health_facility_level": null,
                "medical_system_western": null,
                "name": "James R. Ellis",
                "toilets_disposal": null,
                "health_facility_type": null,
                "opening_hours": null,
                "healthcare": null,
                "shop": null,
                "toilets_handwashing": null,
                "building": null,
                "status": null,
                "access": null,
                "health_facility_bed": null,
                "denomination": null,
                "historic": "memorial",
                "staff_count_doctors": null,
                "religion": null,
                "amenity": null
            }
        },
        {
            "type": "Feature",
            "geometry": {
                "type": "Point",
                "coordinates": [
                    -122.3264693,
                    47.6148177
                ]
            },
            "properties": {
                "osm_id": 11823186953,
                "osm_type": "nodes",
                "operator": "Peer Seattle",
                "operator_type": null,
                "staff_count_nurses": null,
                "health_facility_level": null,
                "medical_system_western": null,
                "name": null,
                "toilets_disposal": "flush",
                "health_facility_type": null,
                "opening_hours": "09:00-20:00",
                "healthcare": null,
                "shop": null,
                "toilets_handwashing": "yes",
                "building": null,
                "status": null,
                "access": "customers",
                "health_facility_bed": null,
                "denomination": null,
                "historic": null,
                "staff_count_doctors": null,
                "religion": null,
                "amenity": "toilets"
            }
        },
        {
            "type": "Feature",
            "geometry": {
                "type": "Point",
                "coordinates": [
                    -122.3301412,
                    47.6057961
                ]
            },
            "properties": {
                "osm_id": 5714354726,
                "osm_type": "nodes",
                "operator": "Swedish",
                "operator_type": null,
                "staff_count_nurses": null,
                "health_facility_level": null,
                "medical_system_western": null,
                "name": "Swedish Downtown Seattle Primary Care",
                "toilets_disposal": null,
                "health_facility_type": null,
                "opening_hours": "Mo-Fr 07:00-18:00",
                "healthcare": "clinic",
                "shop": null,
                "toilets_handwashing": null,
                "building": null,
                "status": null,
                "access": null,
                "health_facility_bed": null,
                "denomination": null,
                "historic": null,
                "staff_count_doctors": null,
                "religion": null,
                "amenity": null
            }
        },
        {
            "type": "Feature",
            "geometry": {
                "type": "Point",
                "coordinates": [
                    -122.337357,
                    47.6160223
                ]
            },
            "properties": {
                "osm_id": 4170543667,
                "osm_type": "nodes",
                "operator": null,
                "operator_type": null,
                "staff_count_nurses": null,
                "health_facility_level": null,
                "medical_system_western": null,
                "name": "Avenue Smiles",
                "toilets_disposal": null,
                "health_facility_type": null,
                "opening_hours": null,
                "healthcare": "dentist",
                "shop": null,
                "toilets_handwashing": null,
                "building": null,
                "status": null,
                "access": null,
                "health_facility_bed": null,
                "denomination": null,
                "historic": null,
                "staff_count_doctors": null,
                "religion": null,
                "amenity": "dentist"
            }
        },
        {
            "type": "Feature",
            "geometry": {
                "type": "Point",
                "coordinates": [
                    -122.317458,
                    47.5917886
                ]
            },
            "properties": {
                "osm_id": 9709348970,
                "osm_type": "nodes",
                "operator": null,
                "operator_type": null,
                "staff_count_nurses": null,
                "health_facility_level": null,
                "medical_system_western": null,
                "name": null,
                "toilets_disposal": null,
                "health_facility_type": null,
                "opening_hours": null,
                "healthcare": null,
                "shop": null,
                "toilets_handwashing": null,
                "building": null,
                "status": null,
                "access": null,
                "health_facility_bed": null,
                "denomination": null,
                "historic": "memorial",
                "staff_count_doctors": null,
                "religion": null,
                "amenity": null
            }
        },
        {
            "type": "Feature",
            "geometry": {
                "type": "Point",
                "coordinates": [
                    -122.317519,
                    47.5929534
                ]
            },
            "properties": {
                "osm_id": 9709348973,
                "osm_type": "nodes",
                "operator": null,
                "operator_type": null,
                "staff_count_nurses": null,
                "health_facility_level": null,
                "medical_system_western": null,
                "name": null,
                "toilets_disposal": "chemical",
                "health_facility_type": null,
                "opening_hours": null,
                "healthcare": null,
                "shop": null,
                "toilets_handwashing": null,
                "building": null,
                "status": null,
                "access": "yes",
                "health_facility_bed": null,
                "denomination": null,
                "historic": null,
                "staff_count_doctors": null,
                "religion": null,
                "amenity": "toilets"
            }
        },
        {
            "type": "Feature",
            "geometry": {
                "type": "Point",
                "coordinates": [
                    -122.3348472,
                    47.6045945
                ]
            },
            "properties": {
                "osm_id": 5835373271,
                "osm_type": "nodes",
                "operator": null,
                "operator_type": null,
                "staff_count_nurses": null,
                "health_facility_level": null,
                "medical_system_western": null,
                "name": "Burke Building Arch",
                "toilets_disposal": null,
                "health_facility_type": null,
                "opening_hours": null,
                "healthcare": null,
                "shop": null,
                "toilets_handwashing": null,
                "building": null,
                "status": null,
                "access": null,
                "health_facility_bed": null,
                "denomination": null,
                "historic": "ruins",
                "staff_count_doctors": null,
                "religion": null,
                "amenity": null
            }
        },
        {
            "type": "Feature",
            "geometry": {
                "type": "Point",
                "coordinates": [
                    -122.329759,
                    47.6168129
                ]
            },
            "properties": {
                "osm_id": 5476859724,
                "osm_type": "nodes",
                "operator": null,
                "operator_type": null,
                "staff_count_nurses": null,
                "health_facility_level": null,
                "medical_system_western": null,
                "name": "Dermatology Associates",
                "toilets_disposal": null,
                "health_facility_type": null,
                "opening_hours": null,
                "healthcare": "doctor",
                "shop": null,
                "toilets_handwashing": null,
                "building": null,
                "status": null,
                "access": null,
                "health_facility_bed": null,
                "denomination": null,
                "historic": null,
                "staff_count_doctors": null,
                "religion": null,
                "amenity": "doctors"
            }
        },
        {
            "type": "Feature",
            "geometry": {
                "type": "Point",
                "coordinates": [
                    -122.3373892,
                    47.6121406
                ]
            },
            "properties": {
                "osm_id": 9139048674,
                "osm_type": "nodes",
                "operator": null,
                "operator_type": null,
                "staff_count_nurses": null,
                "health_facility_level": null,
                "medical_system_western": null,
                "name": null,
                "toilets_disposal": "flush",
                "health_facility_type": null,
                "opening_hours": null,
                "healthcare": null,
                "shop": null,
                "toilets_handwashing": "yes",
                "building": null,
                "status": null,
                "access": "yes",
                "health_facility_bed": null,
                "denomination": null,
                "historic": null,
                "staff_count_doctors": null,
                "religion": null,
                "amenity": "toilets"
            }
        },
        {
            "type": "Feature",
            "geometry": {
                "type": "Point",
                "coordinates": [
                    -122.3335532,
                    47.6056221
                ]
            },
            "properties": {
                "osm_id": 5750021208,
                "osm_type": "nodes",
                "operator": null,
                "operator_type": null,
                "staff_count_nurses": null,
                "health_facility_level": null,
                "medical_system_western": null,
                "name": "Downtown Dentistry",
                "toilets_disposal": null,
                "health_facility_type": null,
                "opening_hours": null,
                "healthcare": "dentist",
                "shop": null,
                "toilets_handwashing": null,
                "building": null,
                "status": null,
                "access": null,
                "health_facility_bed": null,
                "denomination": null,
                "historic": null,
                "staff_count_doctors": null,
                "religion": null,
                "amenity": "dentist"
            }
        },
        {
            "type": "Feature",
            "geometry": {
                "type": "Point",
                "coordinates": [
                    -122.3339797,
                    47.6058149
                ]
            },
            "properties": {
                "osm_id": 3665534025,
                "osm_type": "nodes",
                "operator": null,
                "operator_type": null,
                "staff_count_nurses": null,
                "health_facility_level": null,
                "medical_system_western": null,
                "name": "Seattle's First Public School House Memorial",
                "toilets_disposal": null,
                "health_facility_type": null,
                "opening_hours": null,
                "healthcare": null,
                "shop": null,
                "toilets_handwashing": null,
                "building": null,
                "status": null,
                "access": null,
                "health_facility_bed": null,
                "denomination": null,
                "historic": "memorial",
                "staff_count_doctors": null,
                "religion": null,
                "amenity": null
            }
        },
        {
            "type": "Feature",
            "geometry": {
                "type": "Point",
                "coordinates": [
                    -122.3341996,
                    47.6072584
                ]
            },
            "properties": {
                "osm_id": 3996640537,
                "osm_type": "nodes",
                "operator": null,
                "operator_type": null,
                "staff_count_nurses": null,
                "health_facility_level": null,
                "medical_system_western": null,
                "name": "4th and Seneca Dental",
                "toilets_disposal": null,
                "health_facility_type": null,
                "opening_hours": null,
                "healthcare": "dentist",
                "shop": null,
                "toilets_handwashing": null,
                "building": null,
                "status": null,
                "access": null,
                "health_facility_bed": null,
                "denomination": null,
                "historic": null,
                "staff_count_doctors": null,
                "religion": null,
                "amenity": "dentist"
            }
        },
        {
            "type": "Feature",
            "geometry": {
                "type": "Point",
                "coordinates": [
                    -122.339204,
                    47.6146415
                ]
            },
            "properties": {
                "osm_id": 10958541777,
                "osm_type": "nodes",
                "operator": null,
                "operator_type": null,
                "staff_count_nurses": null,
                "health_facility_level": null,
                "medical_system_western": null,
                "name": "Capsule",
                "toilets_disposal": null,
                "health_facility_type": null,
                "opening_hours": "Mo-Fr 09:00-17:00",
                "healthcare": "pharmacy",
                "shop": null,
                "toilets_handwashing": null,
                "building": null,
                "status": null,
                "access": null,
                "health_facility_bed": null,
                "denomination": null,
                "historic": null,
                "staff_count_doctors": null,
                "religion": null,
                "amenity": "pharmacy"
            }
        },
        {
            "type": "Feature",
            "geometry": {
                "type": "Point",
                "coordinates": [
                    -122.3407534,
                    47.6085563
                ]
            },
            "properties": {
                "osm_id": 5093835321,
                "osm_type": "nodes",
                "operator": null,
                "operator_type": null,
                "staff_count_nurses": null,
                "health_facility_level": null,
                "medical_system_western": null,
                "name": null,
                "toilets_disposal": null,
                "health_facility_type": null,
                "opening_hours": null,
                "healthcare": null,
                "shop": null,
                "toilets_handwashing": null,
                "building": null,
                "status": null,
                "access": null,
                "health_facility_bed": null,
                "denomination": null,
                "historic": null,
                "staff_count_doctors": null,
                "religion": null,
                "amenity": "toilets"
            }
        },
        {
            "type": "Feature",
            "geometry": {
                "type": "Point",
                "coordinates": [
                    -122.3343773,
                    47.6105385
                ]
            },
            "properties": {
                "osm_id": 4715890844,
                "osm_type": "nodes",
                "operator": null,
                "operator_type": null,
                "staff_count_nurses": null,
                "health_facility_level": null,
                "medical_system_western": null,
                "name": "Midtown Chiropractic & Rehabilitation",
                "toilets_disposal": null,
                "health_facility_type": null,
                "opening_hours": null,
                "healthcare": "alternative",
                "shop": null,
                "toilets_handwashing": null,
                "building": null,
                "status": null,
                "access": null,
                "health_facility_bed": null,
                "denomination": null,
                "historic": null,
                "staff_count_doctors": null,
                "religion": null,
                "amenity": null
            }
        },
        {
            "type": "Feature",
            "geometry": {
                "type": "Point",
                "coordinates": [
                    -122.3349805,
                    47.610372
                ]
            },
            "properties": {
                "osm_id": 4438089563,
                "osm_type": "nodes",
                "operator": null,
                "operator_type": null,
                "staff_count_nurses": null,
                "health_facility_level": null,
                "medical_system_western": null,
                "name": "GroupHealth",
                "toilets_disposal": null,
                "health_facility_type": null,
                "opening_hours": null,
                "healthcare": "doctor",
                "shop": null,
                "toilets_handwashing": null,
                "building": null,
                "status": null,
                "access": null,
                "health_facility_bed": null,
                "denomination": null,
                "historic": null,
                "staff_count_doctors": null,
                "religion": null,
                "amenity": "doctors"
            }
        },
        {
            "type": "Feature",
            "geometry": {
                "type": "Point",
                "coordinates": [
                    -122.3342194,
                    47.6083422
                ]
            },
            "properties": {
                "osm_id": 4867279246,
                "osm_type": "nodes",
                "operator": null,
                "operator_type": null,
                "staff_count_nurses": null,
                "health_facility_level": null,
                "medical_system_western": null,
                "name": null,
                "toilets_disposal": null,
                "health_facility_type": null,
                "opening_hours": null,
                "healthcare": null,
                "shop": null,
                "toilets_handwashing": null,
                "building": null,
                "status": null,
                "access": null,
                "health_facility_bed": null,
                "denomination": null,
                "historic": "memorial",
                "staff_count_doctors": null,
                "religion": null,
                "amenity": null
            }
        },
        {
            "type": "Feature",
            "geometry": {
                "type": "Point",
                "coordinates": [
                    -122.3282704,
                    47.5986597
                ]
            },
            "properties": {
                "osm_id": 581066557,
                "osm_type": "nodes",
                "operator": null,
                "operator_type": null,
                "staff_count_nurses": null,
                "health_facility_level": null,
                "medical_system_western": null,
                "name": null,
                "toilets_disposal": null,
                "health_facility_type": null,
                "opening_hours": null,
                "healthcare": null,
                "shop": null,
                "toilets_handwashing": null,
                "building": null,
                "status": null,
                "access": null,
                "health_facility_bed": null,
                "denomination": null,
                "historic": null,
                "staff_count_doctors": null,
                "religion": null,
                "amenity": "toilets"
            }
        },
        {
            "type": "Feature",
            "geometry": {
                "type": "Point",
                "coordinates": [
                    -122.336124,
                    47.5949409
                ]
            },
            "properties": {
                "osm_id": 685039863,
                "osm_type": "nodes",
                "operator": null,
                "operator_type": null,
                "staff_count_nurses": null,
                "health_facility_level": null,
                "medical_system_western": null,
                "name": "Site of Launching of USS Nebraska",
                "toilets_disposal": null,
                "health_facility_type": null,
                "opening_hours": null,
                "healthcare": null,
                "shop": null,
                "toilets_handwashing": null,
                "building": null,
                "status": null,
                "access": null,
                "health_facility_bed": null,
                "denomination": null,
                "historic": "memorial",
                "staff_count_doctors": null,
                "religion": null,
                "amenity": null
            }
        },
        {
            "type": "Feature",
            "geometry": {
                "type": "Point",
                "coordinates": [
                    -122.336129,
                    47.5947979
                ]
            },
            "properties": {
                "osm_id": 685039865,
                "osm_type": "nodes",
                "operator": null,
                "operator_type": null,
                "staff_count_nurses": null,
                "health_facility_level": null,
                "medical_system_western": null,
                "name": "Site of Skinner & Eddy Shipyard",
                "toilets_disposal": null,
                "health_facility_type": null,
                "opening_hours": null,
                "healthcare": null,
                "shop": null,
                "toilets_handwashing": null,
                "building": null,
                "status": null,
                "access": null,
                "health_facility_bed": null,
                "denomination": null,
                "historic": "memorial",
                "staff_count_doctors": null,
                "religion": null,
                "amenity": null
            }
        },
        {
            "type": "Feature",
            "geometry": {
                "type": "Point",
                "coordinates": [
                    -122.3374586,
                    47.6053127
                ]
            },
            "properties": {
                "osm_id": 4281319390,
                "osm_type": "nodes",
                "operator": null,
                "operator_type": null,
                "staff_count_nurses": null,
                "health_facility_level": null,
                "medical_system_western": null,
                "name": "West Edge Dental",
                "toilets_disposal": null,
                "health_facility_type": null,
                "opening_hours": null,
                "healthcare": "dentist",
                "shop": null,
                "toilets_handwashing": null,
                "building": null,
                "status": null,
                "access": null,
                "health_facility_bed": null,
                "denomination": null,
                "historic": null,
                "staff_count_doctors": null,
                "religion": null,
                "amenity": "dentist"
            }
        },
        {
            "type": "Feature",
            "geometry": {
                "type": "Point",
                "coordinates": [
                    -122.3121945,
                    47.5998241
                ]
            },
            "properties": {
                "osm_id": 356550418,
                "osm_type": "nodes",
                "operator": null,
                "operator_type": null,
                "staff_count_nurses": null,
                "health_facility_level": null,
                "medical_system_western": null,
                "name": "Antioch Baptist Church",
                "toilets_disposal": null,
                "health_facility_type": null,
                "opening_hours": null,
                "healthcare": null,
                "shop": null,
                "toilets_handwashing": null,
                "building": null,
                "status": null,
                "access": null,
                "health_facility_bed": null,
                "denomination": "baptist",
                "historic": null,
                "staff_count_doctors": null,
                "religion": "christian",
                "amenity": "place_of_worship"
            }
        },
        {
            "type": "Feature",
            "geometry": {
                "type": "Point",
                "coordinates": [
                    -122.3254458,
                    47.5973885
                ]
            },
            "properties": {
                "osm_id": 2434531569,
                "osm_type": "nodes",
                "operator": null,
                "operator_type": null,
                "staff_count_nurses": null,
                "health_facility_level": null,
                "medical_system_western": null,
                "name": "Kenneth Hong, MD",
                "toilets_disposal": null,
                "health_facility_type": null,
                "opening_hours": null,
                "healthcare": "doctor",
                "shop": null,
                "toilets_handwashing": null,
                "building": null,
                "status": null,
                "access": null,
                "health_facility_bed": null,
                "denomination": null,
                "historic": null,
                "staff_count_doctors": null,
                "religion": null,
                "amenity": "doctors"
            }
        },
        {
            "type": "Feature",
            "geometry": {
                "type": "Point",
                "coordinates": [
                    -122.3206816,
                    47.6155091
                ]
            },
            "properties": {
                "osm_id": 2939935801,
                "osm_type": "nodes",
                "operator": null,
                "operator_type": null,
                "staff_count_nurses": null,
                "health_facility_level": null,
                "medical_system_western": null,
                "name": "The Electric Lady Studio Guitar",
                "toilets_disposal": null,
                "health_facility_type": null,
                "opening_hours": null,
                "healthcare": null,
                "shop": null,
                "toilets_handwashing": null,
                "building": null,
                "status": null,
                "access": null,
                "health_facility_bed": null,
                "denomination": null,
                "historic": "memorial",
                "staff_count_doctors": null,
                "religion": null,
                "amenity": null
            }
        },
        {
            "type": "Feature",
            "geometry": {
                "type": "Point",
                "coordinates": [
                    -122.3340592,
                    47.610242
                ]
            },
            "properties": {
                "osm_id": 3428135285,
                "osm_type": "nodes",
                "operator": "Group Health Cooperative",
                "operator_type": null,
                "staff_count_nurses": null,
                "health_facility_level": null,
                "medical_system_western": null,
                "name": "Downtown Seattle Medical Center",
                "toilets_disposal": null,
                "health_facility_type": null,
                "opening_hours": null,
                "healthcare": "clinic",
                "shop": null,
                "toilets_handwashing": null,
                "building": null,
                "status": null,
                "access": null,
                "health_facility_bed": null,
                "denomination": null,
                "historic": null,
                "staff_count_doctors": null,
                "religion": null,
                "amenity": "clinic"
            }
        },
        {
            "type": "Feature",
            "geometry": {
                "type": "Point",
                "coordinates": [
                    -122.3178326,
                    47.598233
                ]
            },
            "properties": {
                "osm_id": 2434539210,
                "osm_type": "nodes",
                "operator": null,
                "operator_type": null,
                "staff_count_nurses": null,
                "health_facility_level": null,
                "medical_system_western": null,
                "name": "Lucky An Dong",
                "toilets_disposal": null,
                "health_facility_type": null,
                "opening_hours": null,
                "healthcare": null,
                "shop": "herbalist",
                "toilets_handwashing": null,
                "building": null,
                "status": null,
                "access": null,
                "health_facility_bed": null,
                "denomination": null,
                "historic": null,
                "staff_count_doctors": null,
                "religion": null,
                "amenity": null
            }
        },
        {
            "type": "Feature",
            "geometry": {
                "type": "Point",
                "coordinates": [
                    -122.3507865,
                    47.618478
                ]
            },
            "properties": {
                "osm_id": 11661736096,
                "osm_type": "nodes",
                "operator": null,
                "operator_type": null,
                "staff_count_nurses": null,
                "health_facility_level": null,
                "medical_system_western": null,
                "name": "Al Rochester's Podium",
                "toilets_disposal": null,
                "health_facility_type": null,
                "opening_hours": null,
                "healthcare": null,
                "shop": null,
                "toilets_handwashing": null,
                "building": null,
                "status": null,
                "access": null,
                "health_facility_bed": null,
                "denomination": null,
                "historic": "memorial",
                "staff_count_doctors": null,
                "religion": null,
                "amenity": null
            }
        },
        {
            "type": "Feature",
            "geometry": {
                "type": "Point",
                "coordinates": [
                    -122.341703,
                    47.6061978
                ]
            },
            "properties": {
                "osm_id": 3994235152,
                "osm_type": "nodes",
                "operator": null,
                "operator_type": null,
                "staff_count_nurses": null,
                "health_facility_level": null,
                "medical_system_western": null,
                "name": null,
                "toilets_disposal": null,
                "health_facility_type": null,
                "opening_hours": null,
                "healthcare": null,
                "shop": null,
                "toilets_handwashing": null,
                "building": null,
                "status": null,
                "access": null,
                "health_facility_bed": null,
                "denomination": null,
                "historic": null,
                "staff_count_doctors": null,
                "religion": null,
                "amenity": "toilets"
            }
        },
        {
            "type": "Feature",
            "geometry": {
                "type": "Point",
                "coordinates": [
                    -122.3120263,
                    47.5976422
                ]
            },
            "properties": {
                "osm_id": 4326404282,
                "osm_type": "nodes",
                "operator": null,
                "operator_type": null,
                "staff_count_nurses": null,
                "health_facility_level": null,
                "medical_system_western": null,
                "name": "Japanese Cultural & Community Center",
                "toilets_disposal": null,
                "health_facility_type": null,
                "opening_hours": null,
                "healthcare": null,
                "shop": null,
                "toilets_handwashing": null,
                "building": "yes",
                "status": null,
                "access": null,
                "health_facility_bed": null,
                "denomination": null,
                "historic": null,
                "staff_count_doctors": null,
                "religion": null,
                "amenity": "community_centre"
            }
        },
        {
            "type": "Feature",
            "geometry": {
                "type": "Point",
                "coordinates": [
                    -122.3322025,
                    47.6096867
                ]
            },
            "properties": {
                "osm_id": 13712982311,
                "osm_type": "nodes",
                "operator": null,
                "operator_type": null,
                "staff_count_nurses": null,
                "health_facility_level": null,
                "medical_system_western": null,
                "name": "Hasan Dbouk DDS",
                "toilets_disposal": null,
                "health_facility_type": null,
                "opening_hours": null,
                "healthcare": "dentist",
                "shop": null,
                "toilets_handwashing": null,
                "building": null,
                "status": null,
                "access": null,
                "health_facility_bed": null,
                "denomination": null,
                "historic": null,
                "staff_count_doctors": null,
                "religion": null,
                "amenity": "dentist"
            }
        },
        {
            "type": "Feature",
            "geometry": {
                "type": "Point",
                "coordinates": [
                    -122.3163874,
                    47.6096683
                ]
            },
            "properties": {
                "osm_id": 2375220641,
                "osm_type": "nodes",
                "operator": null,
                "operator_type": null,
                "staff_count_nurses": null,
                "health_facility_level": null,
                "medical_system_western": null,
                "name": "Associates in Behavioral Health",
                "toilets_disposal": null,
                "health_facility_type": null,
                "opening_hours": null,
                "healthcare": "doctor",
                "shop": null,
                "toilets_handwashing": null,
                "building": null,
                "status": null,
                "access": null,
                "health_facility_bed": null,
                "denomination": null,
                "historic": null,
                "staff_count_doctors": null,
                "religion": null,
                "amenity": "doctors"
            }
        },
        {
            "type": "Feature",
            "geometry": {
                "type": "Point",
                "coordinates": [
                    -122.3353378,
                    47.6000048
                ]
            },
            "properties": {
                "osm_id": 13768625385,
                "osm_type": "nodes",
                "operator": null,
                "operator_type": null,
                "staff_count_nurses": null,
                "health_facility_level": null,
                "medical_system_western": null,
                "name": null,
                "toilets_disposal": null,
                "health_facility_type": null,
                "opening_hours": null,
                "healthcare": null,
                "shop": null,
                "toilets_handwashing": null,
                "building": null,
                "status": null,
                "access": null,
                "health_facility_bed": null,
                "denomination": null,
                "historic": "memorial",
                "staff_count_doctors": null,
                "religion": null,
                "amenity": null
            }
        },
        {
            "type": "Feature",
            "geometry": {
                "type": "Point",
                "coordinates": [
                    -122.3371437,
                    47.605182
                ]
            },
            "properties": {
                "osm_id": 4287062123,
                "osm_type": "nodes",
                "operator": null,
                "operator_type": null,
                "staff_count_nurses": null,
                "health_facility_level": null,
                "medical_system_western": null,
                "name": "Kids Centre",
                "toilets_disposal": null,
                "health_facility_type": null,
                "opening_hours": null,
                "healthcare": null,
                "shop": null,
                "toilets_handwashing": null,
                "building": null,
                "status": null,
                "access": null,
                "health_facility_bed": null,
                "denomination": null,
                "historic": null,
                "staff_count_doctors": null,
                "religion": null,
                "amenity": "community_centre"
            }
        },
        {
            "type": "Feature",
            "geometry": {
                "type": "Point",
                "coordinates": [
                    -122.3361087,
                    47.6073037
                ]
            },
            "properties": {
                "osm_id": 5738235251,
                "osm_type": "nodes",
                "operator": "Nima Samiee",
                "operator_type": null,
                "staff_count_nurses": null,
                "health_facility_level": null,
                "medical_system_western": null,
                "name": "Solution Chiropractic",
                "toilets_disposal": null,
                "health_facility_type": null,
                "opening_hours": "Mo-Fr 09:00-18:00",
                "healthcare": "alternative",
                "shop": null,
                "toilets_handwashing": null,
                "building": null,
                "status": null,
                "access": null,
                "health_facility_bed": null,
                "denomination": null,
                "historic": null,
                "staff_count_doctors": null,
                "religion": null,
                "amenity": null
            }
        },
        {
            "type": "Feature",
            "geometry": {
                "type": "Point",
                "coordinates": [
                    -122.3428229,
                    47.6106589
                ]
            },
            "properties": {
                "osm_id": 4639109916,
                "osm_type": "nodes",
                "operator": null,
                "operator_type": null,
                "staff_count_nurses": null,
                "health_facility_level": null,
                "medical_system_western": null,
                "name": "Pike Market Medical Clinic",
                "toilets_disposal": null,
                "health_facility_type": null,
                "opening_hours": null,
                "healthcare": "clinic",
                "shop": null,
                "toilets_handwashing": null,
                "building": null,
                "status": null,
                "access": null,
                "health_facility_bed": null,
                "denomination": null,
                "historic": null,
                "staff_count_doctors": null,
                "religion": null,
                "amenity": "clinic"
            }
        },
        {
            "type": "Feature",
            "geometry": {
                "type": "Point",
                "coordinates": [
                    -122.3497735,
                    47.6161991
                ]
            },
            "properties": {
                "osm_id": 5067774823,
                "osm_type": "nodes",
                "operator": null,
                "operator_type": null,
                "staff_count_nurses": null,
                "health_facility_level": null,
                "medical_system_western": null,
                "name": "Bell Harbour Dental",
                "toilets_disposal": null,
                "health_facility_type": null,
                "opening_hours": null,
                "healthcare": "dentist",
                "shop": null,
                "toilets_handwashing": null,
                "building": null,
                "status": null,
                "access": null,
                "health_facility_bed": null,
                "denomination": null,
                "historic": null,
                "staff_count_doctors": null,
                "religion": null,
                "amenity": "dentist"
            }
        },
        {
            "type": "Feature",
            "geometry": {
                "type": "Point",
                "coordinates": [
                    -122.32208,
                    47.5981744
                ]
            },
            "properties": {
                "osm_id": 356550722,
                "osm_type": "nodes",
                "operator": null,
                "operator_type": null,
                "staff_count_nurses": null,
                "health_facility_level": null,
                "medical_system_western": null,
                "name": "King Street Southern Baptist Church",
                "toilets_disposal": null,
                "health_facility_type": null,
                "opening_hours": null,
                "healthcare": null,
                "shop": null,
                "toilets_handwashing": null,
                "building": null,
                "status": null,
                "access": null,
                "health_facility_bed": null,
                "denomination": "baptist",
                "historic": null,
                "staff_count_doctors": null,
                "religion": "christian",
                "amenity": "place_of_worship"
            }
        },
        {
            "type": "Feature",
            "geometry": {
                "type": "Point",
                "coordinates": [
                    -122.3451927,
                    47.611568
                ]
            },
            "properties": {
                "osm_id": 11870262413,
                "osm_type": "nodes",
                "operator": null,
                "operator_type": null,
                "staff_count_nurses": null,
                "health_facility_level": null,
                "medical_system_western": null,
                "name": null,
                "toilets_disposal": null,
                "health_facility_type": null,
                "opening_hours": null,
                "healthcare": null,
                "shop": null,
                "toilets_handwashing": null,
                "building": null,
                "status": null,
                "access": null,
                "health_facility_bed": null,
                "denomination": null,
                "historic": null,
                "staff_count_doctors": null,
                "religion": "buddhist",
                "amenity": "place_of_worship"
            }
        },
        {
            "type": "Feature",
            "geometry": {
                "type": "Point",
                "coordinates": [
                    -122.322833,
                    47.6104892
                ]
            },
            "properties": {
                "osm_id": 2159322852,
                "osm_type": "nodes",
                "operator": null,
                "operator_type": null,
                "staff_count_nurses": null,
                "health_facility_level": null,
                "medical_system_western": null,
                "name": "ATI Physical Therapy",
                "toilets_disposal": null,
                "health_facility_type": null,
                "opening_hours": "Mo-Fr 07:00-19:00",
                "healthcare": "physiotherapist",
                "shop": null,
                "toilets_handwashing": null,
                "building": null,
                "status": null,
                "access": null,
                "health_facility_bed": null,
                "denomination": null,
                "historic": null,
                "staff_count_doctors": null,
                "religion": null,
                "amenity": null
            }
        },
        {
            "type": "Feature",
            "geometry": {
                "type": "Point",
                "coordinates": [
                    -122.3421412,
                    47.6089338
                ]
            },
            "properties": {
                "osm_id": 12021390360,
                "osm_type": "nodes",
                "operator": null,
                "operator_type": null,
                "staff_count_nurses": null,
                "health_facility_level": null,
                "medical_system_western": null,
                "name": "Providence Heritage House at the Market",
                "toilets_disposal": null,
                "health_facility_type": null,
                "opening_hours": null,
                "healthcare": "clinic",
                "shop": null,
                "toilets_handwashing": null,
                "building": null,
                "status": null,
                "access": null,
                "health_facility_bed": null,
                "denomination": null,
                "historic": null,
                "staff_count_doctors": null,
                "religion": null,
                "amenity": "clinic"
            }
        },
        {
            "type": "Feature",
            "geometry": {
                "type": "Point",
                "coordinates": [
                    -122.344868,
                    47.6133668
                ]
            },
            "properties": {
                "osm_id": 2327716514,
                "osm_type": "nodes",
                "operator": null,
                "operator_type": null,
                "staff_count_nurses": null,
                "health_facility_level": null,
                "medical_system_western": null,
                "name": "Omni Dental",
                "toilets_disposal": null,
                "health_facility_type": null,
                "opening_hours": null,
                "healthcare": "dentist",
                "shop": null,
                "toilets_handwashing": null,
                "building": null,
                "status": null,
                "access": null,
                "health_facility_bed": null,
                "denomination": null,
                "historic": null,
                "staff_count_doctors": null,
                "religion": null,
                "amenity": "dentist"
            }
        },
        {
            "type": "Feature",
            "geometry": {
                "type": "Point",
                "coordinates": [
                    -122.3428438,
                    47.618706
                ]
            },
            "properties": {
                "osm_id": 2268991390,
                "osm_type": "nodes",
                "operator": null,
                "operator_type": null,
                "staff_count_nurses": null,
                "health_facility_level": null,
                "medical_system_western": null,
                "name": "Simply Dental",
                "toilets_disposal": null,
                "health_facility_type": null,
                "opening_hours": "Mo-Th 10:00-19:00, Fr 08:00-17:00, Sa 09:00-16:00",
                "healthcare": "doctor",
                "shop": null,
                "toilets_handwashing": null,
                "building": null,
                "status": null,
                "access": null,
                "health_facility_bed": null,
                "denomination": null,
                "historic": null,
                "staff_count_doctors": null,
                "religion": null,
                "amenity": "doctors"
            }
        },
        {
            "type": "Feature",
            "geometry": {
                "type": "Point",
                "coordinates": [
                    -122.3466134,
                    47.6187339
                ]
            },
            "properties": {
                "osm_id": 10978233484,
                "osm_type": "nodes",
                "operator": "Kinwell",
                "operator_type": null,
                "staff_count_nurses": null,
                "health_facility_level": null,
                "medical_system_western": null,
                "name": null,
                "toilets_disposal": null,
                "health_facility_type": null,
                "opening_hours": "Mo-Fr 08:00-17:00",
                "healthcare": "clinic",
                "shop": null,
                "toilets_handwashing": null,
                "building": null,
                "status": null,
                "access": null,
                "health_facility_bed": null,
                "denomination": null,
                "historic": null,
                "staff_count_doctors": null,
                "religion": null,
                "amenity": "clinic"
            }
        },
        {
            "type": "Feature",
            "geometry": {
                "type": "Point",
                "coordinates": [
                    -122.3573615,
                    47.6183937
                ]
            },
            "properties": {
                "osm_id": 4428162203,
                "osm_type": "nodes",
                "operator": null,
                "operator_type": null,
                "staff_count_nurses": null,
                "health_facility_level": null,
                "medical_system_western": null,
                "name": "Seattle Aesthetics and Nutrition",
                "toilets_disposal": null,
                "health_facility_type": null,
                "opening_hours": null,
                "healthcare": "doctor",
                "shop": null,
                "toilets_handwashing": null,
                "building": null,
                "status": null,
                "access": null,
                "health_facility_bed": null,
                "denomination": null,
                "historic": null,
                "staff_count_doctors": null,
                "religion": null,
                "amenity": "doctors"
            }
        },
        {
            "type": "Feature",
            "geometry": {
                "type": "Point",
                "coordinates": [
                    -122.3297206,
                    47.598479
                ]
            },
            "properties": {
                "osm_id": 4318963489,
                "osm_type": "nodes",
                "operator": null,
                "operator_type": null,
                "staff_count_nurses": null,
                "health_facility_level": null,
                "medical_system_western": null,
                "name": null,
                "toilets_disposal": null,
                "health_facility_type": null,
                "opening_hours": null,
                "healthcare": null,
                "shop": null,
                "toilets_handwashing": null,
                "building": null,
                "status": null,
                "access": null,
                "health_facility_bed": null,
                "denomination": null,
                "historic": null,
                "staff_count_doctors": null,
                "religion": null,
                "amenity": "toilets"
            }
        },
        {
            "type": "Feature",
            "geometry": {
                "type": "Point",
                "coordinates": [
                    -122.3228151,
                    47.6114763
                ]
            },
            "properties": {
                "osm_id": 8597648877,
                "osm_type": "nodes",
                "operator": null,
                "operator_type": null,
                "staff_count_nurses": null,
                "health_facility_level": null,
                "medical_system_western": null,
                "name": "Capitol Hill Chiropractic",
                "toilets_disposal": null,
                "health_facility_type": null,
                "opening_hours": null,
                "healthcare": "alternative",
                "shop": null,
                "toilets_handwashing": null,
                "building": null,
                "status": null,
                "access": null,
                "health_facility_bed": null,
                "denomination": null,
                "historic": null,
                "staff_count_doctors": null,
                "religion": null,
                "amenity": null
            }
        },
        {
            "type": "Feature",
            "geometry": {
                "type": "Point",
                "coordinates": [
                    -122.3213874,
                    47.61577
                ]
            },
            "properties": {
                "osm_id": 6466938242,
                "osm_type": "nodes",
                "operator": null,
                "operator_type": null,
                "staff_count_nurses": null,
                "health_facility_level": null,
                "medical_system_western": null,
                "name": null,
                "toilets_disposal": null,
                "health_facility_type": null,
                "opening_hours": null,
                "healthcare": null,
                "shop": null,
                "toilets_handwashing": null,
                "building": null,
                "status": null,
                "access": null,
                "health_facility_bed": null,
                "denomination": null,
                "historic": "memorial",
                "staff_count_doctors": null,
                "religion": null,
                "amenity": null
            }
        },
        {
            "type": "Feature",
            "geometry": {
                "type": "Point",
                "coordinates": [
                    -122.3164883,
                    47.6064792
                ]
            },
            "properties": {
                "osm_id": 2375303497,
                "osm_type": "nodes",
                "operator": null,
                "operator_type": null,
                "staff_count_nurses": null,
                "health_facility_level": null,
                "medical_system_western": null,
                "name": "MTI Physical Therapy",
                "toilets_disposal": null,
                "health_facility_type": null,
                "opening_hours": null,
                "healthcare": "clinic",
                "shop": null,
                "toilets_handwashing": null,
                "building": null,
                "status": null,
                "access": null,
                "health_facility_bed": null,
                "denomination": null,
                "historic": null,
                "staff_count_doctors": null,
                "religion": null,
                "amenity": "clinic"
            }
        },
        {
            "type": "Feature",
            "geometry": {
                "type": "Point",
                "coordinates": [
                    -122.320143,
                    47.6139413
                ]
            },
            "properties": {
                "osm_id": 2159323298,
                "osm_type": "nodes",
                "operator": null,
                "operator_type": null,
                "staff_count_nurses": null,
                "health_facility_level": null,
                "medical_system_western": null,
                "name": "Ingersoll Gender Center",
                "toilets_disposal": null,
                "health_facility_type": null,
                "opening_hours": null,
                "healthcare": null,
                "shop": null,
                "toilets_handwashing": null,
                "building": null,
                "status": null,
                "access": null,
                "health_facility_bed": null,
                "denomination": null,
                "historic": null,
                "staff_count_doctors": null,
                "religion": null,
                "amenity": "community_centre"
            }
        },
        {
            "type": "Feature",
            "geometry": {
                "type": "Point",
                "coordinates": [
                    -122.3178305,
                    47.616777
                ]
            },
            "properties": {
                "osm_id": 356550492,
                "osm_type": "nodes",
                "operator": null,
                "operator_type": null,
                "staff_count_nurses": null,
                "health_facility_level": null,
                "medical_system_western": null,
                "name": "Central Lutheran Church",
                "toilets_disposal": null,
                "health_facility_type": null,
                "opening_hours": null,
                "healthcare": null,
                "shop": null,
                "toilets_handwashing": null,
                "building": null,
                "status": null,
                "access": null,
                "health_facility_bed": null,
                "denomination": "lutheran",
                "historic": null,
                "staff_count_doctors": null,
                "religion": "christian",
                "amenity": "place_of_worship"
            }
        },
        {
            "type": "Feature",
            "geometry": {
                "type": "Point",
                "coordinates": [
                    -122.3255531,
                    47.6084402
                ]
            },
            "properties": {
                "osm_id": 4379826028,
                "osm_type": "nodes",
                "operator": null,
                "operator_type": null,
                "staff_count_nurses": null,
                "health_facility_level": null,
                "medical_system_western": null,
                "name": "Seattle Surgery Center",
                "toilets_disposal": null,
                "health_facility_type": null,
                "opening_hours": null,
                "healthcare": "clinic",
                "shop": null,
                "toilets_handwashing": null,
                "building": null,
                "status": null,
                "access": null,
                "health_facility_bed": null,
                "denomination": null,
                "historic": null,
                "staff_count_doctors": null,
                "religion": null,
                "amenity": "clinic"
            }
        },
        {
            "type": "Feature",
            "geometry": {
                "type": "Polygon",
                "coordinates": [
                    [
                        [
                            -122.3134959,
                            47.599744
                        ],
                        [
                            -122.3134958,
                            47.5996991
                        ],
                        [
                            -122.3134786,
                            47.5996991
                        ],
                        [
                            -122.3134785,
                            47.5996444
                        ],
                        [
                            -122.3127559,
                            47.5996452
                        ],
                        [
                            -122.3127559,
                            47.5996514
                        ],
                        [
                            -122.3124391,
                            47.5996517
                        ],
                        [
                            -122.3124394,
                            47.599756
                        ],
                        [
                            -122.3126249,
                            47.5997558
                        ],
                        [
                            -122.312625,
                            47.5997784
                        ],
                        [
                            -122.3126723,
                            47.5997783
                        ],
                        [
                            -122.3126723,
                            47.5997552
                        ],
                        [
                            -122.3127314,
                            47.5997552
                        ],
                        [
                            -122.3127313,
                            47.5997051
                        ],
                        [
                            -122.312755,
                            47.5997051
                        ],
                        [
                            -122.3127551,
                            47.5997598
                        ],
                        [
                            -122.312747,
                            47.5997598
                        ],
                        [
                            -122.3127472,
                            47.5998152
                        ],
                        [
                            -122.3127582,
                            47.5998152
                        ],
                        [
                            -122.3127583,
                            47.5998419
                        ],
                        [
                            -122.3128099,
                            47.5998419
                        ],
                        [
                            -122.31281,
                            47.5998932
                        ],
                        [
                            -122.3130327,
                            47.5998929
                        ],
                        [
                            -122.3130327,
                            47.5998559
                        ],
                        [
                            -122.3130424,
                            47.5998497
                        ],
                        [
                            -122.3130423,
                            47.5998413
                        ],
                        [
                            -122.3130901,
                            47.5998413
                        ],
                        [
                            -122.31309,
                            47.5998096
                        ],
                        [
                            -122.3132954,
                            47.5998094
                        ],
                        [
                            -122.3132955,
                            47.5998495
                        ],
                        [
                            -122.3134799,
                            47.5998493
                        ],
                        [
                            -122.3134797,
                            47.5997441
                        ],
                        [
                            -122.3134959,
                            47.599744
                        ]
                    ]
                ]
            },
            "properties": {
                "osm_id": 228732859,
                "osm_type": "ways_poly",
                "operator": null,
                "operator_type": null,
                "staff_count_nurses": null,
                "health_facility_level": null,
                "medical_system_western": null,
                "name": "Seattle Buddhist Church",
                "toilets_disposal": null,
                "health_facility_type": null,
                "opening_hours": null,
                "healthcare": null,
                "shop": null,
                "toilets_handwashing": null,
                "building": "yes",
                "status": null,
                "access": null,
                "health_facility_bed": null,
                "denomination": "jodo_shinshu",
                "historic": null,
                "staff_count_doctors": null,
                "religion": "buddhist",
                "amenity": "place_of_worship"
            }
        },
        {
            "type": "Feature",
            "geometry": {
                "type": "Polygon",
                "coordinates": [
                    [
                        [
                            -122.3251272,
                            47.6093391
                        ],
                        [
                            -122.322528,
                            47.6064931
                        ],
                        [
                            -122.3224839,
                            47.6066445
                        ],
                        [
                            -122.3214013,
                            47.6070752
                        ],
                        [
                            -122.3209214,
                            47.6072768
                        ],
                        [
                            -122.319415,
                            47.6078863
                        ],
                        [
                            -122.3193906,
                            47.6078016
                        ],
                        [
                            -122.3193906,
                            47.6080155
                        ],
                        [
                            -122.3207879,
                            47.6080217
                        ],
                        [
                            -122.3208112,
                            47.6094675
                        ],
                        [
                            -122.321269,
                            47.6099797
                        ],
                        [
                            -122.3211505,
                            47.6100257
                        ],
                        [
                            -122.3212126,
                            47.6100908
                        ],
                        [
                            -122.3217521,
                            47.6106512
                        ],
                        [
                            -122.3218255,
                            47.6107272
                        ],
                        [
                            -122.3223102,
                            47.6105224
                        ],
                        [
                            -122.3247894,
                            47.6094819
                        ],
                        [
                            -122.3248692,
                            47.6094481
                        ],
                        [
                            -122.3251272,
                            47.6093391
                        ]
                    ]
                ]
            },
            "properties": {
                "osm_id": 333369584,
                "osm_type": "ways_poly",
                "operator": "Swedish",
                "operator_type": null,
                "staff_count_nurses": null,
                "health_facility_level": null,
                "medical_system_western": null,
                "name": "Swedish First Hill Medical Center",
                "toilets_disposal": null,
                "health_facility_type": null,
                "opening_hours": "24/7",
                "healthcare": "hospital",
                "shop": null,
                "toilets_handwashing": null,
                "building": null,
                "status": null,
                "access": null,
                "health_facility_bed": null,
                "denomination": null,
                "historic": null,
                "staff_count_doctors": null,
                "religion": null,
                "amenity": "hospital"
            }
        },
        {
            "type": "Feature",
            "geometry": {
                "type": "Polygon",
                "coordinates": [
                    [
                        [
                            -122.3254644,
                            47.6041887
                        ],
                        [
                            -122.325458,
                            47.6041733
                        ],
                        [
                            -122.3254488,
                            47.6041576
                        ],
                        [
                            -122.3254382,
                            47.6041413
                        ],
                        [
                            -122.3251093,
                            47.6037779
                        ],
                        [
                            -122.3249181,
                            47.6035666
                        ],
                        [
                            -122.3254468,
                            47.6033421
                        ],
                        [
                            -122.3247104,
                            47.6026027
                        ],
                        [
                            -122.324143,
                            47.6028521
                        ],
                        [
                            -122.3240656,
                            47.6028846
                        ],
                        [
                            -122.3239929,
                            47.6029154
                        ],
                        [
                            -122.3229107,
                            47.6033724
                        ],
                        [
                            -122.3227919,
                            47.603423
                        ],
                        [
                            -122.3226986,
                            47.6034623
                        ],
                        [
                            -122.3221925,
                            47.6036777
                        ],
                        [
                            -122.3228394,
                            47.604383
                        ],
                        [
                            -122.322898,
                            47.6043574
                        ],
                        [
                            -122.3235569,
                            47.6050807
                        ],
                        [
                            -122.3235514,
                            47.6050826
                        ],
                        [
                            -122.3231014,
                            47.6052703
                        ],
                        [
                            -122.3230066,
                            47.6053102
                        ],
                        [
                            -122.32307,
                            47.6053797
                        ],
                        [
                            -122.323261,
                            47.6055872
                        ],
                        [
                            -122.3233099,
                            47.6056413
                        ],
                        [
                            -122.323396,
                            47.6057367
                        ],
                        [
                            -122.3235895,
                            47.6059482
                        ],
                        [
                            -122.3236525,
                            47.6060165
                        ],
                        [
                            -122.3247477,
                            47.6055624
                        ],
                        [
                            -122.324104,
                            47.6048538
                        ],
                        [
                            -122.3242256,
                            47.6048013
                        ],
                        [
                            -122.3253605,
                            47.6043118
                        ],
                        [
                            -122.3253911,
                            47.6042977
                        ],
                        [
                            -122.3254155,
                            47.604282
                        ],
                        [
                            -122.3254351,
                            47.604264
                        ],
                        [
                            -122.325449,
                            47.6042469
                        ],
                        [
                            -122.325462,
                            47.6042275
                        ],
                        [
                            -122.3254644,
                            47.6042077
                        ],
                        [
                            -122.3254644,
                            47.6041967
                        ],
                        [
                            -122.3254644,
                            47.6041887
                        ]
                    ]
                ]
            },
            "properties": {
                "osm_id": 169511257,
                "osm_type": "ways_poly",
                "operator": "UW Medicine",
                "operator_type": null,
                "staff_count_nurses": null,
                "health_facility_level": null,
                "medical_system_western": null,
                "name": "Harborview Medical Center",
                "toilets_disposal": null,
                "health_facility_type": null,
                "opening_hours": "24/7",
                "healthcare": "hospital",
                "shop": null,
                "toilets_handwashing": null,
                "building": null,
                "status": null,
                "access": null,
                "health_facility_bed": null,
                "denomination": null,
                "historic": null,
                "staff_count_doctors": null,
                "religion": null,
                "amenity": "hospital"
            }
        },
        {
            "type": "Feature",
            "geometry": {
                "type": "Polygon",
                "coordinates": [
                    [
                        [
                            -122.3340498,
                            47.6018547
                        ],
                        [
                            -122.334049,
                            47.6018243
                        ],
                        [
                            -122.3340136,
                            47.6018141
                        ],
                        [
                            -122.3339895,
                            47.6018136
                        ],
                        [
                            -122.3339251,
                            47.601819
                        ],
                        [
                            -122.3338849,
                            47.6018317
                        ],
                        [
                            -122.3338473,
                            47.6018461
                        ],
                        [
                            -122.3337964,
                            47.6018769
                        ],
                        [
                            -122.3338393,
                            47.6019076
                        ],
                        [
                            -122.3338715,
                            47.6018859
                        ],
                        [
                            -122.3339144,
                            47.6018714
                        ],
                        [
                            -122.3339493,
                            47.6018642
                        ],
                        [
                            -122.3339841,
                            47.6018606
                        ],
                        [
                            -122.3340498,
                            47.6018547
                        ]
                    ]
                ]
            },
            "properties": {
                "osm_id": 52782041,
                "osm_type": "ways_poly",
                "operator": null,
                "operator_type": null,
                "staff_count_nurses": null,
                "health_facility_level": null,
                "medical_system_western": null,
                "name": "Pioneer Square Pergola",
                "toilets_disposal": null,
                "health_facility_type": null,
                "opening_hours": null,
                "healthcare": null,
                "shop": null,
                "toilets_handwashing": null,
                "building": null,
                "status": null,
                "access": null,
                "health_facility_bed": null,
                "denomination": null,
                "historic": "yes",
                "staff_count_doctors": null,
                "religion": null,
                "amenity": "shelter"
            }
        },
        {
            "type": "Feature",
            "geometry": {
                "type": "Polygon",
                "coordinates": [
                    [
                        [
                            -122.3127309,
                            47.6062958
                        ],
                        [
                            -122.3090891,
                            47.606284
                        ],
                        [
                            -122.3090771,
                            47.6079285
                        ],
                        [
                            -122.3127189,
                            47.6079408
                        ],
                        [
                            -122.3127309,
                            47.6062958
                        ]
                    ]
                ]
            },
            "properties": {
                "osm_id": 1066764914,
                "osm_type": "ways_poly",
                "operator": "Swedish",
                "operator_type": null,
                "staff_count_nurses": null,
                "health_facility_level": null,
                "medical_system_western": null,
                "name": "Swedish Medical Center Cherry Hill Campus",
                "toilets_disposal": null,
                "health_facility_type": null,
                "opening_hours": "24/7",
                "healthcare": "hospital",
                "shop": null,
                "toilets_handwashing": null,
                "building": null,
                "status": null,
                "access": null,
                "health_facility_bed": null,
                "denomination": null,
                "historic": null,
                "staff_count_doctors": null,
                "religion": null,
                "amenity": "hospital"
            }
        },
        {
            "type": "Feature",
            "geometry": {
                "type": "Polygon",
                "coordinates": [
                    [
                        [
                            -122.3156926,
                            47.5918428
                        ],
                        [
                            -122.3156896,
                            47.5917525
                        ],
                        [
                            -122.3156696,
                            47.5917528
                        ],
                        [
                            -122.3156546,
                            47.5917443
                        ],
                        [
                            -122.3156216,
                            47.5917449
                        ],
                        [
                            -122.3156226,
                            47.5917509
                        ],
                        [
                            -122.3155966,
                            47.5917513
                        ],
                        [
                            -122.3155956,
                            47.5917462
                        ],
                        [
                            -122.3155671,
                            47.5917466
                        ],
                        [
                            -122.3155186,
                            47.5917475
                        ],
                        [
                            -122.3155186,
                            47.5917535
                        ],
                        [
                            -122.3154986,
                            47.5917538
                        ],
                        [
                            -122.3154866,
                            47.5917453
                        ],
                        [
                            -122.3154676,
                            47.5917456
                        ],
                        [
                            -122.3154636,
                            47.5917505
                        ],
                        [
                            -122.3154296,
                            47.5917511
                        ],
                        [
                            -122.3154336,
                            47.5918469
                        ],
                        [
                            -122.3155316,
                            47.5918452
                        ],
                        [
                            -122.3155316,
                            47.5918572
                        ],
                        [
                            -122.3155866,
                            47.5918563
                        ],
                        [
                            -122.3155866,
                            47.5918446
                        ],
                        [
                            -122.3156926,
                            47.5918428
                        ]
                    ]
                ]
            },
            "properties": {
                "osm_id": 228614289,
                "osm_type": "ways_poly",
                "operator": null,
                "operator_type": null,
                "staff_count_nurses": null,
                "health_facility_level": null,
                "medical_system_western": null,
                "name": null,
                "toilets_disposal": null,
                "health_facility_type": null,
                "opening_hours": null,
                "healthcare": null,
                "shop": null,
                "toilets_handwashing": null,
                "building": "yes",
                "status": null,
                "access": null,
                "health_facility_bed": null,
                "denomination": null,
                "historic": "maritime",
                "staff_count_doctors": null,
                "religion": null,
                "amenity": null
            }
        },
        {
            "type": "Feature",
            "geometry": {
                "type": "Polygon",
                "coordinates": [
                    [
                        [
                            -122.3180639,
                            47.6111758
                        ],
                        [
                            -122.3178488,
                            47.6111748
                        ],
                        [
                            -122.3178462,
                            47.6114438
                        ],
                        [
                            -122.3178509,
                            47.6114438
                        ],
                        [
                            -122.3178503,
                            47.6114983
                        ],
                        [
                            -122.3180607,
                            47.6114992
                        ],
                        [
                            -122.3180639,
                            47.6111758
                        ]
                    ]
                ]
            },
            "properties": {
                "osm_id": 117996773,
                "osm_type": "ways_poly",
                "operator": null,
                "operator_type": null,
                "staff_count_nurses": null,
                "health_facility_level": null,
                "medical_system_western": null,
                "name": "Chapel of Saint Ignatius",
                "toilets_disposal": null,
                "health_facility_type": null,
                "opening_hours": null,
                "healthcare": null,
                "shop": null,
                "toilets_handwashing": null,
                "building": "church",
                "status": null,
                "access": null,
                "health_facility_bed": null,
                "denomination": "catholic",
                "historic": null,
                "staff_count_doctors": null,
                "religion": "christian",
                "amenity": "place_of_worship"
            }
        },
        {
            "type": "Feature",
            "geometry": {
                "type": "Polygon",
                "coordinates": [
                    [
                        [
                            -122.3153983,
                            47.6178482
                        ],
                        [
                            -122.3153968,
                            47.6177713
                        ],
                        [
                            -122.3153565,
                            47.6177717
                        ],
                        [
                            -122.3153561,
                            47.6177508
                        ],
                        [
                            -122.3150448,
                            47.6177535
                        ],
                        [
                            -122.315047,
                            47.6178696
                        ],
                        [
                            -122.3153549,
                            47.6178669
                        ],
                        [
                            -122.3153545,
                            47.6178486
                        ],
                        [
                            -122.3153983,
                            47.6178482
                        ]
                    ]
                ]
            },
            "properties": {
                "osm_id": 160079953,
                "osm_type": "ways_poly",
                "operator": null,
                "operator_type": null,
                "staff_count_nurses": null,
                "health_facility_level": null,
                "medical_system_western": null,
                "name": "Greek Orthodox Church of the Assumption",
                "toilets_disposal": null,
                "health_facility_type": null,
                "opening_hours": null,
                "healthcare": null,
                "shop": null,
                "toilets_handwashing": null,
                "building": "church",
                "status": null,
                "access": null,
                "health_facility_bed": null,
                "denomination": "greek_orthodox",
                "historic": null,
                "staff_count_doctors": null,
                "religion": "christian",
                "amenity": "place_of_worship"
            }
        },
        {
            "type": "Feature",
            "geometry": {
                "type": "Polygon",
                "coordinates": [
                    [
                        [
                            -122.3148415,
                            47.6029216
                        ],
                        [
                            -122.3148393,
                            47.6027553
                        ],
                        [
                            -122.3148026,
                            47.6027555
                        ],
                        [
                            -122.3148027,
                            47.6027635
                        ],
                        [
                            -122.3143334,
                            47.6027663
                        ],
                        [
                            -122.3143345,
                            47.6028496
                        ],
                        [
                            -122.3143227,
                            47.6028498
                        ],
                        [
                            -122.3143233,
                            47.6029118
                        ],
                        [
                            -122.3143353,
                            47.6029116
                        ],
                        [
                            -122.3143355,
                            47.6029247
                        ],
                        [
                            -122.3148415,
                            47.6029216
                        ]
                    ]
                ]
            },
            "properties": {
                "osm_id": 228870138,
                "osm_type": "ways_poly",
                "operator": null,
                "operator_type": null,
                "staff_count_nurses": null,
                "health_facility_level": null,
                "medical_system_western": null,
                "name": "Washington Hall",
                "toilets_disposal": null,
                "health_facility_type": null,
                "opening_hours": null,
                "healthcare": null,
                "shop": null,
                "toilets_handwashing": null,
                "building": "yes",
                "status": null,
                "access": null,
                "health_facility_bed": null,
                "denomination": null,
                "historic": null,
                "staff_count_doctors": null,
                "religion": null,
                "amenity": "community_centre"
            }
        },
        {
            "type": "Feature",
            "geometry": {
                "type": "Polygon",
                "coordinates": [
                    [
                        [
                            -122.3200237,
                            47.5981659
                        ],
                        [
                            -122.31993,
                            47.5981661
                        ],
                        [
                            -122.3199297,
                            47.5980198
                        ],
                        [
                            -122.3197969,
                            47.598019
                        ],
                        [
                            -122.3197936,
                            47.5982593
                        ],
                        [
                            -122.3200218,
                            47.5982607
                        ],
                        [
                            -122.3200237,
                            47.5981659
                        ]
                    ]
                ]
            },
            "properties": {
                "osm_id": 235387649,
                "osm_type": "ways_poly",
                "operator": null,
                "operator_type": null,
                "staff_count_nurses": null,
                "health_facility_level": null,
                "medical_system_western": null,
                "name": "King Street Baptist Church",
                "toilets_disposal": null,
                "health_facility_type": null,
                "opening_hours": null,
                "healthcare": null,
                "shop": null,
                "toilets_handwashing": null,
                "building": "yes",
                "status": null,
                "access": null,
                "health_facility_bed": null,
                "denomination": "baptist",
                "historic": null,
                "staff_count_doctors": null,
                "religion": "christian",
                "amenity": "place_of_worship"
            }
        },
        {
            "type": "Feature",
            "geometry": {
                "type": "Polygon",
                "coordinates": [
                    [
                        [
                            -122.3126479,
                            47.6186276
                        ],
                        [
                            -122.3115607,
                            47.6186211
                        ],
                        [
                            -122.3115544,
                            47.6195992
                        ],
                        [
                            -122.3115149,
                            47.6197298
                        ],
                        [
                            -122.3115093,
                            47.6204227
                        ],
                        [
                            -122.3120729,
                            47.6204248
                        ],
                        [
                            -122.312068,
                            47.6212917
                        ],
                        [
                            -122.3125947,
                            47.6212909
                        ],
                        [
                            -122.312635,
                            47.6200401
                        ],
                        [
                            -122.3126479,
                            47.6186276
                        ]
                    ]
                ]
            },
            "properties": {
                "osm_id": 297300958,
                "osm_type": "ways_poly",
                "operator": "Kaiser Permanente",
                "operator_type": null,
                "staff_count_nurses": null,
                "health_facility_level": null,
                "medical_system_western": null,
                "name": "Kaiser Permanente Capitol Hill Campus",
                "toilets_disposal": null,
                "health_facility_type": null,
                "opening_hours": null,
                "healthcare": "hospital",
                "shop": null,
                "toilets_handwashing": null,
                "building": null,
                "status": null,
                "access": null,
                "health_facility_bed": null,
                "denomination": null,
                "historic": null,
                "staff_count_doctors": null,
                "religion": null,
                "amenity": "hospital"
            }
        },
        {
            "type": "Feature",
            "geometry": {
                "type": "Polygon",
                "coordinates": [
                    [
                        [
                            -122.3112599,
                            47.6189968
                        ],
                        [
                            -122.3112594,
                            47.6188407
                        ],
                        [
                            -122.3112285,
                            47.6188407
                        ],
                        [
                            -122.3112283,
                            47.6187885
                        ],
                        [
                            -122.3110706,
                            47.6187888
                        ],
                        [
                            -122.3110706,
                            47.6187705
                        ],
                        [
                            -122.3109797,
                            47.6187707
                        ],
                        [
                            -122.3109798,
                            47.6187894
                        ],
                        [
                            -122.3109124,
                            47.6187895
                        ],
                        [
                            -122.3109132,
                            47.619055
                        ],
                        [
                            -122.3112268,
                            47.6190546
                        ],
                        [
                            -122.3112266,
                            47.6189969
                        ],
                        [
                            -122.3112599,
                            47.6189968
                        ]
                    ]
                ]
            },
            "properties": {
                "osm_id": 160184912,
                "osm_type": "ways_poly",
                "operator": null,
                "operator_type": null,
                "staff_count_nurses": null,
                "health_facility_level": null,
                "medical_system_western": null,
                "name": "Sound Mental Health",
                "toilets_disposal": null,
                "health_facility_type": null,
                "opening_hours": null,
                "healthcare": "clinic",
                "shop": null,
                "toilets_handwashing": null,
                "building": "yes",
                "status": null,
                "access": null,
                "health_facility_bed": null,
                "denomination": null,
                "historic": null,
                "staff_count_doctors": null,
                "religion": null,
                "amenity": "clinic"
            }
        },
        {
            "type": "Feature",
            "geometry": {
                "type": "Polygon",
                "coordinates": [
                    [
                        [
                            -122.338153,
                            47.5900852
                        ],
                        [
                            -122.337787,
                            47.5900838
                        ],
                        [
                            -122.3377627,
                            47.5900915
                        ],
                        [
                            -122.337748,
                            47.5901066
                        ],
                        [
                            -122.337613,
                            47.5904053
                        ],
                        [
                            -122.3381505,
                            47.5904045
                        ],
                        [
                            -122.338153,
                            47.5900852
                        ]
                    ]
                ]
            },
            "properties": {
                "osm_id": 226197702,
                "osm_type": "ways_poly",
                "operator": null,
                "operator_type": null,
                "staff_count_nurses": null,
                "health_facility_level": null,
                "medical_system_western": null,
                "name": "Base Seattle Command",
                "toilets_disposal": null,
                "health_facility_type": null,
                "opening_hours": null,
                "healthcare": null,
                "shop": null,
                "toilets_handwashing": null,
                "building": "yes",
                "status": null,
                "access": null,
                "health_facility_bed": null,
                "denomination": null,
                "historic": "maritime",
                "staff_count_doctors": null,
                "religion": null,
                "amenity": null
            }
        },
        {
            "type": "Feature",
            "geometry": {
                "type": "Polygon",
                "coordinates": [
                    [
                        [
                            -122.3256411,
                            47.6108949
                        ],
                        [
                            -122.3255687,
                            47.610814
                        ],
                        [
                            -122.3255412,
                            47.6108244
                        ],
                        [
                            -122.3255352,
                            47.610818
                        ],
                        [
                            -122.325503,
                            47.6108298
                        ],
                        [
                            -122.3254902,
                            47.6108176
                        ],
                        [
                            -122.3253575,
                            47.6108727
                        ],
                        [
                            -122.3253481,
                            47.6108777
                        ],
                        [
                            -122.3253394,
                            47.6108849
                        ],
                        [
                            -122.3253367,
                            47.6108931
                        ],
                        [
                            -122.3253387,
                            47.6109026
                        ],
                        [
                            -122.325344,
                            47.6109116
                        ],
                        [
                            -122.3254145,
                            47.610988
                        ],
                        [
                            -122.3256411,
                            47.6108949
                        ]
                    ]
                ]
            },
            "properties": {
                "osm_id": 365611010,
                "osm_type": "ways_poly",
                "operator": null,
                "operator_type": null,
                "staff_count_nurses": null,
                "health_facility_level": null,
                "medical_system_western": null,
                "name": "Dearborn House",
                "toilets_disposal": null,
                "health_facility_type": null,
                "opening_hours": null,
                "healthcare": null,
                "shop": null,
                "toilets_handwashing": null,
                "building": "house",
                "status": null,
                "access": null,
                "health_facility_bed": null,
                "denomination": null,
                "historic": "heritage",
                "staff_count_doctors": null,
                "religion": null,
                "amenity": null
            }
        },
        {
            "type": "Feature",
            "geometry": {
                "type": "Polygon",
                "coordinates": [
                    [
                        [
                            -122.3274131,
                            47.5984323
                        ],
                        [
                            -122.3274124,
                            47.5983727
                        ],
                        [
                            -122.3274115,
                            47.5982878
                        ],
                        [
                            -122.3274114,
                            47.598279
                        ],
                        [
                            -122.327317,
                            47.5982795
                        ],
                        [
                            -122.327317,
                            47.5982874
                        ],
                        [
                            -122.3273179,
                            47.5983724
                        ],
                        [
                            -122.3273186,
                            47.5984324
                        ],
                        [
                            -122.3273186,
                            47.598438
                        ],
                        [
                            -122.3274131,
                            47.5984375
                        ],
                        [
                            -122.3274131,
                            47.5984323
                        ]
                    ]
                ]
            },
            "properties": {
                "osm_id": 295939766,
                "osm_type": "ways_poly",
                "operator": null,
                "operator_type": null,
                "staff_count_nurses": null,
                "health_facility_level": null,
                "medical_system_western": null,
                "name": "Chinatown Gate",
                "toilets_disposal": null,
                "health_facility_type": null,
                "opening_hours": null,
                "healthcare": null,
                "shop": null,
                "toilets_handwashing": null,
                "building": "guardhouse",
                "status": null,
                "access": null,
                "health_facility_bed": null,
                "denomination": null,
                "historic": "city_gate",
                "staff_count_doctors": null,
                "religion": null,
                "amenity": null
            }
        },
        {
            "type": "Feature",
            "geometry": {
                "type": "Polygon",
                "coordinates": [
                    [
                        [
                            -122.3223295,
                            47.6022271
                        ],
                        [
                            -122.3219938,
                            47.6022269
                        ],
                        [
                            -122.3219759,
                            47.6022374
                        ],
                        [
                            -122.3219765,
                            47.6023438
                        ],
                        [
                            -122.3220002,
                            47.6023443
                        ],
                        [
                            -122.322,
                            47.6023644
                        ],
                        [
                            -122.322001,
                            47.6024165
                        ],
                        [
                            -122.3220836,
                            47.6024171
                        ],
                        [
                            -122.3220829,
                            47.6024774
                        ],
                        [
                            -122.3220489,
                            47.6024809
                        ],
                        [
                            -122.3220098,
                            47.6024905
                        ],
                        [
                            -122.3219773,
                            47.6025032
                        ],
                        [
                            -122.322065,
                            47.6025997
                        ],
                        [
                            -122.322094,
                            47.6025968
                        ],
                        [
                            -122.3221164,
                            47.6025897
                        ],
                        [
                            -122.3221155,
                            47.602579
                        ],
                        [
                            -122.3221767,
                            47.6025796
                        ],
                        [
                            -122.3222036,
                            47.6025721
                        ],
                        [
                            -122.3222285,
                            47.6025622
                        ],
                        [
                            -122.322251,
                            47.6025499
                        ],
                        [
                            -122.3222707,
                            47.6025355
                        ],
                        [
                            -122.3222871,
                            47.6025194
                        ],
                        [
                            -122.3222998,
                            47.6025018
                        ],
                        [
                            -122.3223086,
                            47.6024832
                        ],
                        [
                            -122.3223134,
                            47.6024639
                        ],
                        [
                            -122.3223156,
                            47.60242
                        ],
                        [
                            -122.3223283,
                            47.602419
                        ],
                        [
                            -122.3223295,
                            47.6022271
                        ]
                    ]
                ]
            },
            "properties": {
                "osm_id": 228886586,
                "osm_type": "ways_poly",
                "operator": "Seattle Housing Authority",
                "operator_type": null,
                "staff_count_nurses": null,
                "health_facility_level": null,
                "medical_system_western": null,
                "name": "Epstein Opportunity Center",
                "toilets_disposal": null,
                "health_facility_type": null,
                "opening_hours": null,
                "healthcare": null,
                "shop": null,
                "toilets_handwashing": null,
                "building": "yes",
                "status": null,
                "access": null,
                "health_facility_bed": null,
                "denomination": null,
                "historic": null,
                "staff_count_doctors": null,
                "religion": null,
                "amenity": "community_centre"
            }
        },
        {
            "type": "Feature",
            "geometry": {
                "type": "Polygon",
                "coordinates": [
                    [
                        [
                            -122.3333097,
                            47.6067469
                        ],
                        [
                            -122.3331133,
                            47.6065307
                        ],
                        [
                            -122.333058,
                            47.6064699
                        ],
                        [
                            -122.3329112,
                            47.6063737
                        ],
                        [
                            -122.3326897,
                            47.6062919
                        ],
                        [
                            -122.3321152,
                            47.6065331
                        ],
                        [
                            -122.331995,
                            47.6065836
                        ],
                        [
                            -122.3320862,
                            47.6066815
                        ],
                        [
                            -122.3323726,
                            47.606989
                        ],
                        [
                            -122.3324368,
                            47.6070579
                        ],
                        [
                            -122.3325946,
                            47.6070912
                        ],
                        [
                            -122.3332937,
                            47.6067985
                        ],
                        [
                            -122.3333097,
                            47.6067469
                        ]
                    ]
                ]
            },
            "properties": {
                "osm_id": 37056442,
                "osm_type": "ways_poly",
                "operator": "The Seattle Public Library",
                "operator_type": "public",
                "staff_count_nurses": null,
                "health_facility_level": null,
                "medical_system_western": null,
                "name": "The Seattle Public Library - Central Library",
                "toilets_disposal": null,
                "health_facility_type": null,
                "opening_hours": "Tu-Th 10:00-20:00; Fr-Mo 10:00-18:00",
                "healthcare": null,
                "shop": null,
                "toilets_handwashing": null,
                "building": "yes",
                "status": null,
                "access": null,
                "health_facility_bed": null,
                "denomination": null,
                "historic": null,
                "staff_count_doctors": null,
                "religion": null,
                "amenity": "library"
            }
        },
        {
            "type": "Feature",
            "geometry": {
                "type": "Polygon",
                "coordinates": [
                    [
                        [
                            -122.3334927,
                            47.6014661
                        ],
                        [
                            -122.3333649,
                            47.6014657
                        ],
                        [
                            -122.3333639,
                            47.6016296
                        ],
                        [
                            -122.3334916,
                            47.60163
                        ],
                        [
                            -122.3334927,
                            47.6014661
                        ]
                    ]
                ]
            },
            "properties": {
                "osm_id": 52782171,
                "osm_type": "ways_poly",
                "operator": null,
                "operator_type": null,
                "staff_count_nurses": null,
                "health_facility_level": null,
                "medical_system_western": null,
                "name": "Merchant's Cafe and Saloon",
                "toilets_disposal": null,
                "health_facility_type": null,
                "opening_hours": null,
                "healthcare": null,
                "shop": null,
                "toilets_handwashing": null,
                "building": "yes",
                "status": null,
                "access": null,
                "health_facility_bed": null,
                "denomination": null,
                "historic": "yes",
                "staff_count_doctors": null,
                "religion": null,
                "amenity": "pub"
            }
        },
        {
            "type": "Feature",
            "geometry": {
                "type": "Polygon",
                "coordinates": [
                    [
                        [
                            -122.3230762,
                            47.5963096
                        ],
                        [
                            -122.3230302,
                            47.5963095
                        ],
                        [
                            -122.3230312,
                            47.5961901
                        ],
                        [
                            -122.3230742,
                            47.5961903
                        ],
                        [
                            -122.3230752,
                            47.5959651
                        ],
                        [
                            -122.3225992,
                            47.5959639
                        ],
                        [
                            -122.3225982,
                            47.5961385
                        ],
                        [
                            -122.3226442,
                            47.5961387
                        ],
                        [
                            -122.3226442,
                            47.5961542
                        ],
                        [
                            -122.3226182,
                            47.5961541
                        ],
                        [
                            -122.3226172,
                            47.5963908
                        ],
                        [
                            -122.3226502,
                            47.5963908
                        ],
                        [
                            -122.3226502,
                            47.5964016
                        ],
                        [
                            -122.3225972,
                            47.5964014
                        ],
                        [
                            -122.3225972,
                            47.5964494
                        ],
                        [
                            -122.3226102,
                            47.5964494
                        ],
                        [
                            -122.3226102,
                            47.5965405
                        ],
                        [
                            -122.3225942,
                            47.5965404
                        ],
                        [
                            -122.3225942,
                            47.596591
                        ],
                        [
                            -122.3226612,
                            47.5965912
                        ],
                        [
                            -122.3226612,
                            47.5965815
                        ],
                        [
                            -122.3227462,
                            47.5965817
                        ],
                        [
                            -122.3227472,
                            47.5965468
                        ],
                        [
                            -122.3227852,
                            47.596547
                        ],
                        [
                            -122.3227852,
                            47.5965656
                        ],
                        [
                            -122.3228892,
                            47.5965659
                        ],
                        [
                            -122.3228902,
                            47.5965485
                        ],
                        [
                            -122.3229272,
                            47.5965486
                        ],
                        [
                            -122.3229262,
                            47.596582
                        ],
                        [
                            -122.3230112,
                            47.5965823
                        ],
                        [
                            -122.3230112,
                            47.5965908
                        ],
                        [
                            -122.3230742,
                            47.5965909
                        ],
                        [
                            -122.3230762,
                            47.5963096
                        ]
                    ]
                ]
            },
            "properties": {
                "osm_id": 235386606,
                "osm_type": "ways_poly",
                "operator": null,
                "operator_type": null,
                "staff_count_nurses": null,
                "health_facility_level": null,
                "medical_system_western": null,
                "name": "International District Village Square II",
                "toilets_disposal": null,
                "health_facility_type": null,
                "opening_hours": null,
                "healthcare": null,
                "shop": null,
                "toilets_handwashing": null,
                "building": "yes",
                "status": null,
                "access": null,
                "health_facility_bed": null,
                "denomination": null,
                "historic": null,
                "staff_count_doctors": null,
                "religion": null,
                "amenity": "community_centre"
            }
        },
        {
            "type": "Feature",
            "geometry": {
                "type": "Polygon",
                "coordinates": [
                    [
                        [
                            -122.3534576,
                            47.6187047
                        ],
                        [
                            -122.3530645,
                            47.6186989
                        ],
                        [
                            -122.3530637,
                            47.6187253
                        ],
                        [
                            -122.3530008,
                            47.6187244
                        ],
                        [
                            -122.3529965,
                            47.6188584
                        ],
                        [
                            -122.3530462,
                            47.6188591
                        ],
                        [
                            -122.3530448,
                            47.6189032
                        ],
                        [
                            -122.3531356,
                            47.6189046
                        ],
                        [
                            -122.3531343,
                            47.6189426
                        ],
                        [
                            -122.3534497,
                            47.6189473
                        ],
                        [
                            -122.3534576,
                            47.6187047
                        ]
                    ]
                ]
            },
            "properties": {
                "osm_id": 140633099,
                "osm_type": "ways_poly",
                "operator": null,
                "operator_type": null,
                "staff_count_nurses": null,
                "health_facility_level": null,
                "medical_system_western": null,
                "name": "First United Methodist Church of Seattle",
                "toilets_disposal": null,
                "health_facility_type": null,
                "opening_hours": "Mo-Th,Su 10:00-16:30",
                "healthcare": null,
                "shop": null,
                "toilets_handwashing": null,
                "building": "yes",
                "status": null,
                "access": null,
                "health_facility_bed": null,
                "denomination": "methodist",
                "historic": null,
                "staff_count_doctors": null,
                "religion": "christian",
                "amenity": "place_of_worship"
            }
        },
        {
            "type": "Feature",
            "geometry": {
                "type": "Polygon",
                "coordinates": [
                    [
                        [
                            -122.3192178,
                            47.616526
                        ],
                        [
                            -122.3192168,
                            47.6164466
                        ],
                        [
                            -122.3191408,
                            47.6164469
                        ],
                        [
                            -122.3191418,
                            47.6165263
                        ],
                        [
                            -122.3192178,
                            47.616526
                        ]
                    ]
                ]
            },
            "properties": {
                "osm_id": 53919507,
                "osm_type": "ways_poly",
                "operator": null,
                "operator_type": null,
                "staff_count_nurses": null,
                "health_facility_level": null,
                "medical_system_western": null,
                "name": null,
                "toilets_disposal": null,
                "health_facility_type": null,
                "opening_hours": null,
                "healthcare": null,
                "shop": null,
                "toilets_handwashing": null,
                "building": "yes",
                "status": null,
                "access": "yes",
                "health_facility_bed": null,
                "denomination": null,
                "historic": null,
                "staff_count_doctors": null,
                "religion": null,
                "amenity": "toilets"
            }
        },
        {
            "type": "Feature",
            "geometry": {
                "type": "Polygon",
                "coordinates": [
                    [
                        [
                            -122.3268635,
                            47.6053525
                        ],
                        [
                            -122.3267056,
                            47.6051805
                        ],
                        [
                            -122.326603,
                            47.6052234
                        ],
                        [
                            -122.3265773,
                            47.6051955
                        ],
                        [
                            -122.3266453,
                            47.6051671
                        ],
                        [
                            -122.3266369,
                            47.6051569
                        ],
                        [
                            -122.3265944,
                            47.6051094
                        ],
                        [
                            -122.3266391,
                            47.6050908
                        ],
                        [
                            -122.3266306,
                            47.6050815
                        ],
                        [
                            -122.3266349,
                            47.6050797
                        ],
                        [
                            -122.3265706,
                            47.6050096
                        ],
                        [
                            -122.3265231,
                            47.6050295
                        ],
                        [
                            -122.3264666,
                            47.6049694
                        ],
                        [
                            -122.3263917,
                            47.6049997
                        ],
                        [
                            -122.3263789,
                            47.6049858
                        ],
                        [
                            -122.3262743,
                            47.6050294
                        ],
                        [
                            -122.3262854,
                            47.605043
                        ],
                        [
                            -122.3263222,
                            47.6050846
                        ],
                        [
                            -122.3261783,
                            47.6051446
                        ],
                        [
                            -122.3261478,
                            47.6051126
                        ],
                        [
                            -122.3261421,
                            47.6051076
                        ],
                        [
                            -122.3260798,
                            47.6051336
                        ],
                        [
                            -122.3260841,
                            47.6051383
                        ],
                        [
                            -122.3260784,
                            47.6051407
                        ],
                        [
                            -122.3262187,
                            47.6052936
                        ],
                        [
                            -122.3264285,
                            47.605206
                        ],
                        [
                            -122.3265275,
                            47.6053138
                        ],
                        [
                            -122.3263271,
                            47.6053974
                        ],
                        [
                            -122.3264459,
                            47.6055268
                        ],
                        [
                            -122.3268635,
                            47.6053525
                        ]
                    ]
                ]
            },
            "properties": {
                "osm_id": 236754250,
                "osm_type": "ways_poly",
                "operator": null,
                "operator_type": null,
                "staff_count_nurses": null,
                "health_facility_level": null,
                "medical_system_western": null,
                "name": "Trinity Episcopal Church",
                "toilets_disposal": null,
                "health_facility_type": null,
                "opening_hours": null,
                "healthcare": null,
                "shop": null,
                "toilets_handwashing": null,
                "building": "yes",
                "status": null,
                "access": null,
                "health_facility_bed": null,
                "denomination": "episcopal",
                "historic": null,
                "staff_count_doctors": null,
                "religion": "christian",
                "amenity": "place_of_worship"
            }
        },
        {
            "type": "Feature",
            "geometry": {
                "type": "Polygon",
                "coordinates": [
                    [
                        [
                            -122.3205567,
                            47.6032189
                        ],
                        [
                            -122.3205411,
                            47.6032188
                        ],
                        [
                            -122.320543,
                            47.6029967
                        ],
                        [
                            -122.3204262,
                            47.6029557
                        ],
                        [
                            -122.3202391,
                            47.6030264
                        ],
                        [
                            -122.3202373,
                            47.6032388
                        ],
                        [
                            -122.3203011,
                            47.6032391
                        ],
                        [
                            -122.3202995,
                            47.6034239
                        ],
                        [
                            -122.3204659,
                            47.6034245
                        ],
                        [
                            -122.3204659,
                            47.6034214
                        ],
                        [
                            -122.320555,
                            47.6034218
                        ],
                        [
                            -122.3205567,
                            47.6032189
                        ]
                    ]
                ]
            },
            "properties": {
                "osm_id": 228886552,
                "osm_type": "ways_poly",
                "operator": null,
                "operator_type": null,
                "staff_count_nurses": null,
                "health_facility_level": null,
                "medical_system_western": null,
                "name": "Japanese Baptist Church",
                "toilets_disposal": null,
                "health_facility_type": null,
                "opening_hours": null,
                "healthcare": null,
                "shop": null,
                "toilets_handwashing": null,
                "building": "yes",
                "status": null,
                "access": null,
                "health_facility_bed": null,
                "denomination": "baptist",
                "historic": null,
                "staff_count_doctors": null,
                "religion": "christian",
                "amenity": "place_of_worship"
            }
        },
        {
            "type": "Feature",
            "geometry": {
                "type": "Polygon",
                "coordinates": [
                    [
                        [
                            -122.3219812,
                            47.6131388
                        ],
                        [
                            -122.3219808,
                            47.6130697
                        ],
                        [
                            -122.3216169,
                            47.6130707
                        ],
                        [
                            -122.321617,
                            47.6130765
                        ],
                        [
                            -122.32157,
                            47.6130766
                        ],
                        [
                            -122.3215715,
                            47.613321
                        ],
                        [
                            -122.3219099,
                            47.6133201
                        ],
                        [
                            -122.3219088,
                            47.613139
                        ],
                        [
                            -122.3219812,
                            47.6131388
                        ]
                    ]
                ]
            },
            "properties": {
                "osm_id": 236754222,
                "osm_type": "ways_poly",
                "operator": null,
                "operator_type": null,
                "staff_count_nurses": null,
                "health_facility_level": null,
                "medical_system_western": null,
                "name": "Firehouse 25 Condos",
                "toilets_disposal": null,
                "health_facility_type": null,
                "opening_hours": null,
                "healthcare": null,
                "shop": null,
                "toilets_handwashing": null,
                "building": "apartments",
                "status": null,
                "access": null,
                "health_facility_bed": null,
                "denomination": null,
                "historic": "yes",
                "staff_count_doctors": null,
                "religion": null,
                "amenity": null
            }
        },
        {
            "type": "Feature",
            "geometry": {
                "type": "Polygon",
                "coordinates": [
                    [
                        [
                            -122.3191755,
                            47.6091111
                        ],
                        [
                            -122.3191745,
                            47.6088765
                        ],
                        [
                            -122.3191743,
                            47.6088358
                        ],
                        [
                            -122.3191741,
                            47.6087902
                        ],
                        [
                            -122.3191731,
                            47.6085543
                        ],
                        [
                            -122.3187854,
                            47.6085542
                        ],
                        [
                            -122.3187862,
                            47.6086421
                        ],
                        [
                            -122.3187382,
                            47.6086422
                        ],
                        [
                            -122.3187388,
                            47.6085856
                        ],
                        [
                            -122.3185821,
                            47.6085857
                        ],
                        [
                            -122.3185821,
                            47.6086206
                        ],
                        [
                            -122.3185387,
                            47.6086206
                        ],
                        [
                            -122.3185391,
                            47.6088405
                        ],
                        [
                            -122.3185393,
                            47.6089176
                        ],
                        [
                            -122.3185395,
                            47.6090347
                        ],
                        [
                            -122.3185581,
                            47.6090347
                        ],
                        [
                            -122.3185582,
                            47.609097
                        ],
                        [
                            -122.3185953,
                            47.6090969
                        ],
                        [
                            -122.3185953,
                            47.6091097
                        ],
                        [
                            -122.3186704,
                            47.6091097
                        ],
                        [
                            -122.3187064,
                            47.6090341
                        ],
                        [
                            -122.3187455,
                            47.6090341
                        ],
                        [
                            -122.3187454,
                            47.6089923
                        ],
                        [
                            -122.3187767,
                            47.6089922
                        ],
                        [
                            -122.3188065,
                            47.6089922
                        ],
                        [
                            -122.3188067,
                            47.6091115
                        ],
                        [
                            -122.3191755,
                            47.6091111
                        ]
                    ]
                ]
            },
            "properties": {
                "osm_id": 118121856,
                "osm_type": "ways_poly",
                "operator": "Seattle University",
                "operator_type": null,
                "staff_count_nurses": null,
                "health_facility_level": null,
                "medical_system_western": null,
                "name": "Lemieux Library & McGoldrick Learning Commons",
                "toilets_disposal": null,
                "health_facility_type": null,
                "opening_hours": null,
                "healthcare": null,
                "shop": null,
                "toilets_handwashing": null,
                "building": "university",
                "status": null,
                "access": null,
                "health_facility_bed": null,
                "denomination": null,
                "historic": null,
                "staff_count_doctors": null,
                "religion": null,
                "amenity": "library"
            }
        },
        {
            "type": "Feature",
            "geometry": {
                "type": "Polygon",
                "coordinates": [
                    [
                        [
                            -122.3205822,
                            47.601277
                        ],
                        [
                            -122.3205675,
                            47.601146
                        ],
                        [
                            -122.3204824,
                            47.6011329
                        ],
                        [
                            -122.3204718,
                            47.6011731
                        ],
                        [
                            -122.3204435,
                            47.6011704
                        ],
                        [
                            -122.3204285,
                            47.6011244
                        ],
                        [
                            -122.3201402,
                            47.6011694
                        ],
                        [
                            -122.3201371,
                            47.601188
                        ],
                        [
                            -122.3201536,
                            47.6011902
                        ],
                        [
                            -122.320114,
                            47.6013342
                        ],
                        [
                            -122.3200686,
                            47.6013403
                        ],
                        [
                            -122.3200716,
                            47.6013483
                        ],
                        [
                            -122.3200354,
                            47.6013556
                        ],
                        [
                            -122.3199696,
                            47.6011624
                        ],
                        [
                            -122.3199532,
                            47.6011633
                        ],
                        [
                            -122.3199434,
                            47.6011388
                        ],
                        [
                            -122.3196987,
                            47.6011777
                        ],
                        [
                            -122.3197076,
                            47.601201
                        ],
                        [
                            -122.3196767,
                            47.6012051
                        ],
                        [
                            -122.3197623,
                            47.6014583
                        ],
                        [
                            -122.3197441,
                            47.6014604
                        ],
                        [
                            -122.3197561,
                            47.6014953
                        ],
                        [
                            -122.3198234,
                            47.6014963
                        ],
                        [
                            -122.3198251,
                            47.6015582
                        ],
                        [
                            -122.3203851,
                            47.6015601
                        ],
                        [
                            -122.3203861,
                            47.6014982
                        ],
                        [
                            -122.3205213,
                            47.6014992
                        ],
                        [
                            -122.3205376,
                            47.6014482
                        ],
                        [
                            -122.320506,
                            47.6014431
                        ],
                        [
                            -122.3205476,
                            47.6012735
                        ],
                        [
                            -122.3205822,
                            47.601277
                        ]
                    ]
                ]
            },
            "properties": {
                "osm_id": 26007965,
                "osm_type": "ways_poly",
                "operator": null,
                "operator_type": null,
                "staff_count_nurses": null,
                "health_facility_level": null,
                "medical_system_western": null,
                "name": "Yesler Terrace Community Center",
                "toilets_disposal": null,
                "health_facility_type": null,
                "opening_hours": null,
                "healthcare": null,
                "shop": null,
                "toilets_handwashing": null,
                "building": "yes",
                "status": null,
                "access": null,
                "health_facility_bed": null,
                "denomination": null,
                "historic": null,
                "staff_count_doctors": null,
                "religion": null,
                "amenity": "community_centre"
            }
        },
        {
            "type": "Feature",
            "geometry": {
                "type": "Polygon",
                "coordinates": [
                    [
                        [
                            -122.3335071,
                            47.5996271
                        ],
                        [
                            -122.3333047,
                            47.5996266
                        ],
                        [
                            -122.3333045,
                            47.5999605
                        ],
                        [
                            -122.3335056,
                            47.5999609
                        ],
                        [
                            -122.3335071,
                            47.5996271
                        ]
                    ]
                ]
            },
            "properties": {
                "osm_id": 389138218,
                "osm_type": "ways_poly",
                "operator": null,
                "operator_type": null,
                "staff_count_nurses": null,
                "health_facility_level": null,
                "medical_system_western": null,
                "name": "Union Trust Annex",
                "toilets_disposal": null,
                "health_facility_type": null,
                "opening_hours": null,
                "healthcare": null,
                "shop": null,
                "toilets_handwashing": null,
                "building": "yes",
                "status": null,
                "access": null,
                "health_facility_bed": null,
                "denomination": null,
                "historic": "yes",
                "staff_count_doctors": null,
                "religion": null,
                "amenity": null
            }
        },
        {
            "type": "Feature",
            "geometry": {
                "type": "Polygon",
                "coordinates": [
                    [
                        [
                            -122.3165325,
                            47.5926485
                        ],
                        [
                            -122.3164107,
                            47.5926483
                        ],
                        [
                            -122.3164106,
                            47.5926708
                        ],
                        [
                            -122.3163626,
                            47.5926707
                        ],
                        [
                            -122.3163625,
                            47.5927047
                        ],
                        [
                            -122.3163625,
                            47.5927085
                        ],
                        [
                            -122.3163624,
                            47.5927433
                        ],
                        [
                            -122.3161137,
                            47.5927429
                        ],
                        [
                            -122.3161137,
                            47.592726
                        ],
                        [
                            -122.3160908,
                            47.592726
                        ],
                        [
                            -122.3160908,
                            47.5927061
                        ],
                        [
                            -122.3160059,
                            47.592706
                        ],
                        [
                            -122.3159309,
                            47.592706
                        ],
                        [
                            -122.3159309,
                            47.5927263
                        ],
                        [
                            -122.3158998,
                            47.5927263
                        ],
                        [
                            -122.3158998,
                            47.5927414
                        ],
                        [
                            -122.3156572,
                            47.5927412
                        ],
                        [
                            -122.3156573,
                            47.5927198
                        ],
                        [
                            -122.3156573,
                            47.5927158
                        ],
                        [
                            -122.3156573,
                            47.5926734
                        ],
                        [
                            -122.3156054,
                            47.5926733
                        ],
                        [
                            -122.3156054,
                            47.5926514
                        ],
                        [
                            -122.3154835,
                            47.5926514
                        ],
                        [
                            -122.3154835,
                            47.5927437
                        ],
                        [
                            -122.3154436,
                            47.5927437
                        ],
                        [
                            -122.3154436,
                            47.5926624
                        ],
                        [
                            -122.3153258,
                            47.5926623
                        ],
                        [
                            -122.3153258,
                            47.5926309
                        ],
                        [
                            -122.3152966,
                            47.5926309
                        ],
                        [
                            -122.315157,
                            47.5926309
                        ],
                        [
                            -122.315157,
                            47.5926251
                        ],
                        [
                            -122.315069,
                            47.5926251
                        ],
                        [
                            -122.3150689,
                            47.5927331
                        ],
                        [
                            -122.3150689,
                            47.5928249
                        ],
                        [
                            -122.3150689,
                            47.5930214
                        ],
                        [
                            -122.3152438,
                            47.5930214
                        ],
                        [
                            -122.3152438,
                            47.5930634
                        ],
                        [
                            -122.3156604,
                            47.5930635
                        ],
                        [
                            -122.3156604,
                            47.593022
                        ],
                        [
                            -122.3158005,
                            47.593022
                        ],
                        [
                            -122.3158005,
                            47.593057
                        ],
                        [
                            -122.3159095,
                            47.5930571
                        ],
                        [
                            -122.3159094,
                            47.5930736
                        ],
                        [
                            -122.3159384,
                            47.5930736
                        ],
                        [
                            -122.3159384,
                            47.5930832
                        ],
                        [
                            -122.316004,
                            47.5930832
                        ],
                        [
                            -122.3160774,
                            47.5930833
                        ],
                        [
                            -122.3160775,
                            47.5930721
                        ],
                        [
                            -122.3161055,
                            47.5930721
                        ],
                        [
                            -122.3161056,
                            47.5930523
                        ],
                        [
                            -122.3162074,
                            47.5930524
                        ],
                        [
                            -122.3162074,
                            47.5930452
                        ],
                        [
                            -122.3163104,
                            47.5930454
                        ],
                        [
                            -122.3163105,
                            47.5930192
                        ],
                        [
                            -122.3163604,
                            47.5930193
                        ],
                        [
                            -122.316361,
                            47.5928475
                        ],
                        [
                            -122.3165318,
                            47.5928478
                        ],
                        [
                            -122.3165325,
                            47.5926485
                        ]
                    ]
                ]
            },
            "properties": {
                "osm_id": 4712871,
                "osm_type": "ways_poly",
                "operator": null,
                "operator_type": null,
                "staff_count_nurses": null,
                "health_facility_level": null,
                "medical_system_western": null,
                "name": "Pacific Tower",
                "toilets_disposal": null,
                "health_facility_type": null,
                "opening_hours": null,
                "healthcare": null,
                "shop": null,
                "toilets_handwashing": null,
                "building": "office",
                "status": null,
                "access": null,
                "health_facility_bed": null,
                "denomination": null,
                "historic": "maritime",
                "staff_count_doctors": null,
                "religion": null,
                "amenity": null
            }
        },
        {
            "type": "Feature",
            "geometry": {
                "type": "Polygon",
                "coordinates": [
                    [
                        [
                            -122.3331098,
                            47.6088629
                        ],
                        [
                            -122.3327231,
                            47.6084586
                        ],
                        [
                            -122.3326971,
                            47.6084702
                        ],
                        [
                            -122.3325759,
                            47.6083294
                        ],
                        [
                            -122.3322824,
                            47.60845
                        ],
                        [
                            -122.3322436,
                            47.6084551
                        ],
                        [
                            -122.3322236,
                            47.6084657
                        ],
                        [
                            -122.3322142,
                            47.6084751
                        ],
                        [
                            -122.3322056,
                            47.6084923
                        ],
                        [
                            -122.3322075,
                            47.6085059
                        ],
                        [
                            -122.3322237,
                            47.6085234
                        ],
                        [
                            -122.3322377,
                            47.6085321
                        ],
                        [
                            -122.3322632,
                            47.6085386
                        ],
                        [
                            -122.3322799,
                            47.6085385
                        ],
                        [
                            -122.3325139,
                            47.6087978
                        ],
                        [
                            -122.3325856,
                            47.6087689
                        ],
                        [
                            -122.3326295,
                            47.6088153
                        ],
                        [
                            -122.3326142,
                            47.6088282
                        ],
                        [
                            -122.3325948,
                            47.6088585
                        ],
                        [
                            -122.3325931,
                            47.6088885
                        ],
                        [
                            -122.3325989,
                            47.6089157
                        ],
                        [
                            -122.3326159,
                            47.6089425
                        ],
                        [
                            -122.3326388,
                            47.6089628
                        ],
                        [
                            -122.3326712,
                            47.6089805
                        ],
                        [
                            -122.3327009,
                            47.6089903
                        ],
                        [
                            -122.3327414,
                            47.6089954
                        ],
                        [
                            -122.3327739,
                            47.6089946
                        ],
                        [
                            -122.3328018,
                            47.6089911
                        ],
                        [
                            -122.332825,
                            47.6089837
                        ],
                        [
                            -122.3331098,
                            47.6088629
                        ]
                    ]
                ]
            },
            "properties": {
                "osm_id": 131705785,
                "osm_type": "ways_poly",
                "operator": null,
                "operator_type": null,
                "staff_count_nurses": null,
                "health_facility_level": null,
                "medical_system_western": null,
                "name": "Plymouth Congregational Church",
                "toilets_disposal": null,
                "health_facility_type": null,
                "opening_hours": null,
                "healthcare": null,
                "shop": null,
                "toilets_handwashing": null,
                "building": "yes",
                "status": null,
                "access": null,
                "health_facility_bed": null,
                "denomination": null,
                "historic": null,
                "staff_count_doctors": null,
                "religion": "christian",
                "amenity": "place_of_worship"
            }
        },
        {
            "type": "Feature",
            "geometry": {
                "type": "Polygon",
                "coordinates": [
                    [
                        [
                            -122.3408822,
                            47.6064134
                        ],
                        [
                            -122.3408237,
                            47.6063481
                        ],
                        [
                            -122.3407497,
                            47.6063783
                        ],
                        [
                            -122.3408082,
                            47.6064436
                        ],
                        [
                            -122.3408822,
                            47.6064134
                        ]
                    ]
                ]
            },
            "properties": {
                "osm_id": 1371595751,
                "osm_type": "ways_poly",
                "operator": "Seattle Center",
                "operator_type": null,
                "staff_count_nurses": null,
                "health_facility_level": null,
                "medical_system_western": null,
                "name": null,
                "toilets_disposal": "flush",
                "health_facility_type": null,
                "opening_hours": "08:00-19:00",
                "healthcare": null,
                "shop": null,
                "toilets_handwashing": "yes",
                "building": "yes",
                "status": null,
                "access": "yes",
                "health_facility_bed": null,
                "denomination": null,
                "historic": null,
                "staff_count_doctors": null,
                "religion": null,
                "amenity": "toilets"
            }
        },
        {
            "type": "Feature",
            "geometry": {
                "type": "Polygon",
                "coordinates": [
                    [
                        [
                            -122.343029,
                            47.6194447
                        ],
                        [
                            -122.3429759,
                            47.6194447
                        ],
                        [
                            -122.3429759,
                            47.619471
                        ],
                        [
                            -122.3426243,
                            47.619471
                        ],
                        [
                            -122.3426243,
                            47.6195542
                        ],
                        [
                            -122.3426243,
                            47.6196374
                        ],
                        [
                            -122.343029,
                            47.6196374
                        ],
                        [
                            -122.343029,
                            47.6194447
                        ]
                    ]
                ]
            },
            "properties": {
                "osm_id": 231664568,
                "osm_type": "ways_poly",
                "operator": null,
                "operator_type": null,
                "staff_count_nurses": null,
                "health_facility_level": null,
                "medical_system_western": null,
                "name": "Willamette Dental Group",
                "toilets_disposal": null,
                "health_facility_type": null,
                "opening_hours": null,
                "healthcare": "dentist",
                "shop": null,
                "toilets_handwashing": null,
                "building": "yes",
                "status": null,
                "access": null,
                "health_facility_bed": null,
                "denomination": null,
                "historic": null,
                "staff_count_doctors": null,
                "religion": null,
                "amenity": null
            }
        },
        {
            "type": "Feature",
            "geometry": {
                "type": "Polygon",
                "coordinates": [
                    [
                        [
                            -122.3398036,
                            47.6087965
                        ],
                        [
                            -122.3396812,
                            47.6086612
                        ],
                        [
                            -122.3395546,
                            47.6087133
                        ],
                        [
                            -122.3395676,
                            47.6087277
                        ],
                        [
                            -122.3393049,
                            47.6088358
                        ],
                        [
                            -122.3394143,
                            47.6089567
                        ],
                        [
                            -122.3398036,
                            47.6087965
                        ]
                    ]
                ]
            },
            "properties": {
                "osm_id": 231361932,
                "osm_type": "ways_poly",
                "operator": null,
                "operator_type": null,
                "staff_count_nurses": null,
                "health_facility_level": null,
                "medical_system_western": null,
                "name": "Hahn Building",
                "toilets_disposal": null,
                "health_facility_type": null,
                "opening_hours": null,
                "healthcare": null,
                "shop": null,
                "toilets_handwashing": null,
                "building": "hotel",
                "status": null,
                "access": null,
                "health_facility_bed": null,
                "denomination": null,
                "historic": "building",
                "staff_count_doctors": null,
                "religion": null,
                "amenity": null
            }
        },
        {
            "type": "Feature",
            "geometry": {
                "type": "Polygon",
                "coordinates": [
                    [
                        [
                            -122.3120203,
                            47.6009966
                        ],
                        [
                            -122.311981,
                            47.6009963
                        ],
                        [
                            -122.3119811,
                            47.6009871
                        ],
                        [
                            -122.3119297,
                            47.6009867
                        ],
                        [
                            -122.3119295,
                            47.6009971
                        ],
                        [
                            -122.3118995,
                            47.6009969
                        ],
                        [
                            -122.3118996,
                            47.6009875
                        ],
                        [
                            -122.3117333,
                            47.6009863
                        ],
                        [
                            -122.311731,
                            47.6011285
                        ],
                        [
                            -122.31188,
                            47.6011296
                        ],
                        [
                            -122.3118789,
                            47.6012
                        ],
                        [
                            -122.312017,
                            47.6012011
                        ],
                        [
                            -122.3120203,
                            47.6009966
                        ]
                    ]
                ]
            },
            "properties": {
                "osm_id": 228732783,
                "osm_type": "ways_poly",
                "operator": null,
                "operator_type": null,
                "staff_count_nurses": null,
                "health_facility_level": null,
                "medical_system_western": null,
                "name": "Seattle Koyasan Church",
                "toilets_disposal": null,
                "health_facility_type": null,
                "opening_hours": null,
                "healthcare": null,
                "shop": null,
                "toilets_handwashing": null,
                "building": "yes",
                "status": null,
                "access": null,
                "health_facility_bed": null,
                "denomination": "shingon_shu",
                "historic": null,
                "staff_count_doctors": null,
                "religion": "buddhist",
                "amenity": "place_of_worship"
            }
        },
        {
            "type": "Feature",
            "geometry": {
                "type": "Polygon",
                "coordinates": [
                    [
                        [
                            -122.3111207,
                            47.6027948
                        ],
                        [
                            -122.3111117,
                            47.6027947
                        ],
                        [
                            -122.3111122,
                            47.6027738
                        ],
                        [
                            -122.3107429,
                            47.6027702
                        ],
                        [
                            -122.3107405,
                            47.6028844
                        ],
                        [
                            -122.3107927,
                            47.602885
                        ],
                        [
                            -122.3107896,
                            47.6030312
                        ],
                        [
                            -122.3110892,
                            47.6030341
                        ],
                        [
                            -122.3110896,
                            47.6030142
                        ],
                        [
                            -122.3111082,
                            47.6030144
                        ],
                        [
                            -122.31111,
                            47.6029307
                        ],
                        [
                            -122.3110962,
                            47.6029306
                        ],
                        [
                            -122.3110975,
                            47.6028715
                        ],
                        [
                            -122.311119,
                            47.6028717
                        ],
                        [
                            -122.3111207,
                            47.6027948
                        ]
                    ]
                ]
            },
            "properties": {
                "osm_id": 228871030,
                "osm_type": "ways_poly",
                "operator": null,
                "operator_type": null,
                "staff_count_nurses": null,
                "health_facility_level": null,
                "medical_system_western": null,
                "name": "God's Pentecostal Temple",
                "toilets_disposal": null,
                "health_facility_type": null,
                "opening_hours": null,
                "healthcare": null,
                "shop": null,
                "toilets_handwashing": null,
                "building": "yes",
                "status": null,
                "access": null,
                "health_facility_bed": null,
                "denomination": "pentecostal",
                "historic": null,
                "staff_count_doctors": null,
                "religion": "christian",
                "amenity": "place_of_worship"
            }
        },
        {
            "type": "Feature",
            "geometry": {
                "type": "Polygon",
                "coordinates": [
                    [
                        [
                            -122.3126573,
                            47.602453
                        ],
                        [
                            -122.3125556,
                            47.6024525
                        ],
                        [
                            -122.3125568,
                            47.602345
                        ],
                        [
                            -122.3122475,
                            47.6023435
                        ],
                        [
                            -122.3122446,
                            47.6026036
                        ],
                        [
                            -122.3126556,
                            47.6026056
                        ],
                        [
                            -122.3126573,
                            47.602453
                        ]
                    ]
                ]
            },
            "properties": {
                "osm_id": 228871380,
                "osm_type": "ways_poly",
                "operator": null,
                "operator_type": null,
                "staff_count_nurses": null,
                "health_facility_level": null,
                "medical_system_western": null,
                "name": "Goodwill Baptist Church",
                "toilets_disposal": null,
                "health_facility_type": null,
                "opening_hours": null,
                "healthcare": null,
                "shop": null,
                "toilets_handwashing": null,
                "building": "yes",
                "status": null,
                "access": null,
                "health_facility_bed": null,
                "denomination": "baptist",
                "historic": null,
                "staff_count_doctors": null,
                "religion": "christian",
                "amenity": "place_of_worship"
            }
        },
        {
            "type": "Feature",
            "geometry": {
                "type": "Polygon",
                "coordinates": [
                    [
                        [
                            -122.3160911,
                            47.5917795
                        ],
                        [
                            -122.3160711,
                            47.5917794
                        ],
                        [
                            -122.3160641,
                            47.5917738
                        ],
                        [
                            -122.3160361,
                            47.5917737
                        ],
                        [
                            -122.3160281,
                            47.5917788
                        ],
                        [
                            -122.3160121,
                            47.5917787
                        ],
                        [
                            -122.3160121,
                            47.591773
                        ],
                        [
                            -122.3159999,
                            47.5917727
                        ],
                        [
                            -122.3159791,
                            47.5917722
                        ],
                        [
                            -122.3159781,
                            47.5917791
                        ],
                        [
                            -122.3159111,
                            47.591779
                        ],
                        [
                            -122.3159111,
                            47.5918616
                        ],
                        [
                            -122.3159721,
                            47.5918617
                        ],
                        [
                            -122.3159711,
                            47.591871
                        ],
                        [
                            -122.3160181,
                            47.5918718
                        ],
                        [
                            -122.3160181,
                            47.5918628
                        ],
                        [
                            -122.3160911,
                            47.5918631
                        ],
                        [
                            -122.3160911,
                            47.5917795
                        ]
                    ]
                ]
            },
            "properties": {
                "osm_id": 228614284,
                "osm_type": "ways_poly",
                "operator": null,
                "operator_type": null,
                "staff_count_nurses": null,
                "health_facility_level": null,
                "medical_system_western": null,
                "name": null,
                "toilets_disposal": null,
                "health_facility_type": null,
                "opening_hours": null,
                "healthcare": null,
                "shop": null,
                "toilets_handwashing": null,
                "building": "yes",
                "status": null,
                "access": null,
                "health_facility_bed": null,
                "denomination": null,
                "historic": "maritime",
                "staff_count_doctors": null,
                "religion": null,
                "amenity": null
            }
        },
        {
            "type": "Feature",
            "geometry": {
                "type": "Polygon",
                "coordinates": [
                    [
                        [
                            -122.3112579,
                            47.5987768
                        ],
                        [
                            -122.3112577,
                            47.5983954
                        ],
                        [
                            -122.3102651,
                            47.5983955
                        ],
                        [
                            -122.3102653,
                            47.598777
                        ],
                        [
                            -122.3112579,
                            47.5987768
                        ]
                    ]
                ]
            },
            "properties": {
                "osm_id": 616232121,
                "osm_type": "ways_poly",
                "operator": null,
                "operator_type": null,
                "staff_count_nurses": null,
                "health_facility_level": null,
                "medical_system_western": null,
                "name": "Saint Peter's Episcopal Church",
                "toilets_disposal": null,
                "health_facility_type": null,
                "opening_hours": null,
                "healthcare": null,
                "shop": null,
                "toilets_handwashing": null,
                "building": null,
                "status": null,
                "access": null,
                "health_facility_bed": null,
                "denomination": "episcopal",
                "historic": null,
                "staff_count_doctors": null,
                "religion": "christian",
                "amenity": "place_of_worship"
            }
        },
        {
            "type": "Feature",
            "geometry": {
                "type": "Polygon",
                "coordinates": [
                    [
                        [
                            -122.3175288,
                            47.5930467
                        ],
                        [
                            -122.3175279,
                            47.5929668
                        ],
                        [
                            -122.3174503,
                            47.5929672
                        ],
                        [
                            -122.3174504,
                            47.592984
                        ],
                        [
                            -122.3174367,
                            47.5929915
                        ],
                        [
                            -122.3174371,
                            47.5930229
                        ],
                        [
                            -122.3174452,
                            47.5930282
                        ],
                        [
                            -122.3174454,
                            47.5930471
                        ],
                        [
                            -122.3175288,
                            47.5930467
                        ]
                    ]
                ]
            },
            "properties": {
                "osm_id": 228614336,
                "osm_type": "ways_poly",
                "operator": null,
                "operator_type": null,
                "staff_count_nurses": null,
                "health_facility_level": null,
                "medical_system_western": null,
                "name": null,
                "toilets_disposal": "flush",
                "health_facility_type": null,
                "opening_hours": null,
                "healthcare": null,
                "shop": null,
                "toilets_handwashing": null,
                "building": "yes",
                "status": null,
                "access": "yes",
                "health_facility_bed": null,
                "denomination": null,
                "historic": null,
                "staff_count_doctors": null,
                "religion": null,
                "amenity": "toilets"
            }
        },
        {
            "type": "Feature",
            "geometry": {
                "type": "Polygon",
                "coordinates": [
                    [
                        [
                            -122.3345097,
                            47.5968484
                        ],
                        [
                            -122.334411,
                            47.5967297
                        ],
                        [
                            -122.334398,
                            47.5967305
                        ],
                        [
                            -122.3343973,
                            47.5968488
                        ],
                        [
                            -122.3345097,
                            47.5968484
                        ]
                    ]
                ]
            },
            "properties": {
                "osm_id": 924120882,
                "osm_type": "ways_poly",
                "operator": null,
                "operator_type": null,
                "staff_count_nurses": null,
                "health_facility_level": null,
                "medical_system_western": null,
                "name": "Triangle Hotel and Bar",
                "toilets_disposal": null,
                "health_facility_type": null,
                "opening_hours": null,
                "healthcare": null,
                "shop": null,
                "toilets_handwashing": null,
                "building": "yes",
                "status": null,
                "access": null,
                "health_facility_bed": null,
                "denomination": null,
                "historic": "heritage",
                "staff_count_doctors": null,
                "religion": null,
                "amenity": null
            }
        },
        {
            "type": "Feature",
            "geometry": {
                "type": "Polygon",
                "coordinates": [
                    [
                        [
                            -122.3154109,
                            47.6170707
                        ],
                        [
                            -122.3154054,
                            47.6167663
                        ],
                        [
                            -122.3149232,
                            47.6167702
                        ],
                        [
                            -122.3149286,
                            47.6170746
                        ],
                        [
                            -122.3154109,
                            47.6170707
                        ]
                    ]
                ]
            },
            "properties": {
                "osm_id": 297300959,
                "osm_type": "ways_poly",
                "operator": null,
                "operator_type": null,
                "staff_count_nurses": null,
                "health_facility_level": null,
                "medical_system_western": null,
                "name": "Saint Nicholas Russian Orthodox Cathedral",
                "toilets_disposal": null,
                "health_facility_type": null,
                "opening_hours": null,
                "healthcare": null,
                "shop": null,
                "toilets_handwashing": null,
                "building": null,
                "status": null,
                "access": null,
                "health_facility_bed": null,
                "denomination": "russian_orthodox",
                "historic": null,
                "staff_count_doctors": null,
                "religion": "christian",
                "amenity": "place_of_worship"
            }
        },
        {
            "type": "Feature",
            "geometry": {
                "type": "Polygon",
                "coordinates": [
                    [
                        [
                            -122.3187353,
                            47.6082141
                        ],
                        [
                            -122.31852,
                            47.608213
                        ],
                        [
                            -122.3184946,
                            47.6082129
                        ],
                        [
                            -122.318473,
                            47.6082129
                        ],
                        [
                            -122.3180853,
                            47.608213
                        ],
                        [
                            -122.3180853,
                            47.6081906
                        ],
                        [
                            -122.3178139,
                            47.6081906
                        ],
                        [
                            -122.3178139,
                            47.608215
                        ],
                        [
                            -122.3176491,
                            47.608215
                        ],
                        [
                            -122.3176491,
                            47.6083109
                        ],
                        [
                            -122.3177063,
                            47.6083109
                        ],
                        [
                            -122.3177063,
                            47.608328
                        ],
                        [
                            -122.317689,
                            47.608328
                        ],
                        [
                            -122.3176891,
                            47.6084473
                        ],
                        [
                            -122.3178096,
                            47.6084473
                        ],
                        [
                            -122.3178096,
                            47.608407
                        ],
                        [
                            -122.3178405,
                            47.608407
                        ],
                        [
                            -122.3178405,
                            47.6084694
                        ],
                        [
                            -122.3179317,
                            47.6084693
                        ],
                        [
                            -122.3179631,
                            47.6084695
                        ],
                        [
                            -122.3179995,
                            47.6084698
                        ],
                        [
                            -122.3180997,
                            47.6084707
                        ],
                        [
                            -122.3180982,
                            47.6085486
                        ],
                        [
                            -122.3180979,
                            47.6085556
                        ],
                        [
                            -122.3181135,
                            47.6085558
                        ],
                        [
                            -122.3181132,
                            47.6085619
                        ],
                        [
                            -122.3183658,
                            47.6085726
                        ],
                        [
                            -122.318373,
                            47.6085113
                        ],
                        [
                            -122.3183587,
                            47.6085104
                        ],
                        [
                            -122.3183604,
                            47.6084754
                        ],
                        [
                            -122.3183717,
                            47.6084673
                        ],
                        [
                            -122.3184443,
                            47.6084662
                        ],
                        [
                            -122.3184453,
                            47.6084388
                        ],
                        [
                            -122.3184643,
                            47.6084391
                        ],
                        [
                            -122.3184629,
                            47.6084737
                        ],
                        [
                            -122.3184559,
                            47.6084736
                        ],
                        [
                            -122.3184551,
                            47.6084941
                        ],
                        [
                            -122.3184703,
                            47.6084944
                        ],
                        [
                            -122.3185168,
                            47.6084947
                        ],
                        [
                            -122.318517,
                            47.6083897
                        ],
                        [
                            -122.3187333,
                            47.6083908
                        ],
                        [
                            -122.3187353,
                            47.6082141
                        ]
                    ]
                ]
            },
            "properties": {
                "osm_id": 118121861,
                "osm_type": "ways_poly",
                "operator": "Seattle University",
                "operator_type": null,
                "staff_count_nurses": null,
                "health_facility_level": null,
                "medical_system_western": null,
                "name": "Student Center",
                "toilets_disposal": null,
                "health_facility_type": null,
                "opening_hours": null,
                "healthcare": null,
                "shop": null,
                "toilets_handwashing": null,
                "building": "university",
                "status": null,
                "access": null,
                "health_facility_bed": null,
                "denomination": null,
                "historic": null,
                "staff_count_doctors": null,
                "religion": null,
                "amenity": "community_centre"
            }
        },
        {
            "type": "Feature",
            "geometry": {
                "type": "Polygon",
                "coordinates": [
                    [
                        [
                            -122.3243514,
                            47.6186111
                        ],
                        [
                            -122.324322,
                            47.6186111
                        ],
                        [
                            -122.324322,
                            47.6185961
                        ],
                        [
                            -122.3241333,
                            47.6185958
                        ],
                        [
                            -122.3241333,
                            47.6186068
                        ],
                        [
                            -122.3241497,
                            47.6186068
                        ],
                        [
                            -122.3241495,
                            47.6186567
                        ],
                        [
                            -122.3241613,
                            47.6186567
                        ],
                        [
                            -122.3241612,
                            47.618682
                        ],
                        [
                            -122.3241688,
                            47.6186821
                        ],
                        [
                            -122.3241688,
                            47.6186979
                        ],
                        [
                            -122.3242646,
                            47.618698
                        ],
                        [
                            -122.3242645,
                            47.618738
                        ],
                        [
                            -122.3243509,
                            47.6187381
                        ],
                        [
                            -122.3243514,
                            47.6186111
                        ]
                    ]
                ]
            },
            "properties": {
                "osm_id": 206048363,
                "osm_type": "ways_poly",
                "operator": null,
                "operator_type": null,
                "staff_count_nurses": null,
                "health_facility_level": null,
                "medical_system_western": null,
                "name": "Ward House",
                "toilets_disposal": null,
                "health_facility_type": null,
                "opening_hours": null,
                "healthcare": null,
                "shop": null,
                "toilets_handwashing": null,
                "building": "yes",
                "status": null,
                "access": null,
                "health_facility_bed": null,
                "denomination": null,
                "historic": "building",
                "staff_count_doctors": null,
                "religion": null,
                "amenity": null
            }
        },
        {
            "type": "Feature",
            "geometry": {
                "type": "Polygon",
                "coordinates": [
                    [
                        [
                            -122.3417101,
                            47.6198396
                        ],
                        [
                            -122.3414693,
                            47.6198391
                        ],
                        [
                            -122.3414694,
                            47.6198166
                        ],
                        [
                            -122.341282,
                            47.6198162
                        ],
                        [
                            -122.341282,
                            47.6198298
                        ],
                        [
                            -122.34126,
                            47.6198298
                        ],
                        [
                            -122.3412598,
                            47.6198816
                        ],
                        [
                            -122.3412371,
                            47.6198816
                        ],
                        [
                            -122.3412359,
                            47.620116
                        ],
                        [
                            -122.3413613,
                            47.6201162
                        ],
                        [
                            -122.3413615,
                            47.6200684
                        ],
                        [
                            -122.3414425,
                            47.6200686
                        ],
                        [
                            -122.3414422,
                            47.6201235
                        ],
                        [
                            -122.3416702,
                            47.620124
                        ],
                        [
                            -122.341671,
                            47.6199539
                        ],
                        [
                            -122.3417096,
                            47.619954
                        ],
                        [
                            -122.3417101,
                            47.6198396
                        ]
                    ]
                ]
            },
            "properties": {
                "osm_id": 231664176,
                "osm_type": "ways_poly",
                "operator": null,
                "operator_type": null,
                "staff_count_nurses": null,
                "health_facility_level": null,
                "medical_system_western": null,
                "name": "Denny Park Lutheran Church",
                "toilets_disposal": null,
                "health_facility_type": null,
                "opening_hours": null,
                "healthcare": null,
                "shop": null,
                "toilets_handwashing": null,
                "building": "yes",
                "status": null,
                "access": null,
                "health_facility_bed": null,
                "denomination": "lutheran",
                "historic": null,
                "staff_count_doctors": null,
                "religion": "christian",
                "amenity": "place_of_worship"
            }
        },
        {
            "type": "Feature",
            "geometry": {
                "type": "Polygon",
                "coordinates": [
                    [
                        [
                            -122.3184589,
                            47.5972534
                        ],
                        [
                            -122.3184587,
                            47.5972312
                        ],
                        [
                            -122.3184351,
                            47.5972313
                        ],
                        [
                            -122.3184339,
                            47.5970818
                        ],
                        [
                            -122.3183119,
                            47.5970823
                        ],
                        [
                            -122.3183116,
                            47.5970511
                        ],
                        [
                            -122.3181906,
                            47.5970515
                        ],
                        [
                            -122.3181902,
                            47.5969979
                        ],
                        [
                            -122.3182357,
                            47.5969977
                        ],
                        [
                            -122.3182349,
                            47.5968953
                        ],
                        [
                            -122.3181905,
                            47.5968955
                        ],
                        [
                            -122.3181897,
                            47.5967984
                        ],
                        [
                            -122.3181483,
                            47.5967986
                        ],
                        [
                            -122.3181481,
                            47.596781
                        ],
                        [
                            -122.3178914,
                            47.596782
                        ],
                        [
                            -122.3178915,
                            47.5967974
                        ],
                        [
                            -122.3177072,
                            47.5967981
                        ],
                        [
                            -122.3177076,
                            47.5968508
                        ],
                        [
                            -122.3176859,
                            47.5968509
                        ],
                        [
                            -122.3176861,
                            47.5968749
                        ],
                        [
                            -122.3177128,
                            47.5968748
                        ],
                        [
                            -122.3177138,
                            47.5969977
                        ],
                        [
                            -122.3180519,
                            47.5969965
                        ],
                        [
                            -122.3180511,
                            47.5970502
                        ],
                        [
                            -122.3180526,
                            47.5970843
                        ],
                        [
                            -122.317708,
                            47.5970855
                        ],
                        [
                            -122.317709,
                            47.5972139
                        ],
                        [
                            -122.3176848,
                            47.597214
                        ],
                        [
                            -122.317685,
                            47.59725
                        ],
                        [
                            -122.3177045,
                            47.5972499
                        ],
                        [
                            -122.3177056,
                            47.5973823
                        ],
                        [
                            -122.3183915,
                            47.5973798
                        ],
                        [
                            -122.3183909,
                            47.5972956
                        ],
                        [
                            -122.3184225,
                            47.5972955
                        ],
                        [
                            -122.3184222,
                            47.5972666
                        ],
                        [
                            -122.3184402,
                            47.5972665
                        ],
                        [
                            -122.3184401,
                            47.5972535
                        ],
                        [
                            -122.3184589,
                            47.5972534
                        ]
                    ]
                ]
            },
            "properties": {
                "osm_id": 235387730,
                "osm_type": "ways_poly",
                "operator": null,
                "operator_type": null,
                "staff_count_nurses": null,
                "health_facility_level": null,
                "medical_system_western": null,
                "name": "Seattle Indian Health Board",
                "toilets_disposal": null,
                "health_facility_type": null,
                "opening_hours": null,
                "healthcare": "clinic",
                "shop": null,
                "toilets_handwashing": null,
                "building": "yes",
                "status": null,
                "access": null,
                "health_facility_bed": null,
                "denomination": null,
                "historic": null,
                "staff_count_doctors": null,
                "religion": null,
                "amenity": "clinic"
            }
        },
        {
            "type": "Feature",
            "geometry": {
                "type": "Polygon",
                "coordinates": [
                    [
                        [
                            -122.3338119,
                            47.6022625
                        ],
                        [
                            -122.3337423,
                            47.6021865
                        ],
                        [
                            -122.3337384,
                            47.6021882
                        ],
                        [
                            -122.3336052,
                            47.6020449
                        ],
                        [
                            -122.3336101,
                            47.6020428
                        ],
                        [
                            -122.3335798,
                            47.6020103
                        ],
                        [
                            -122.3335731,
                            47.6019906
                        ],
                        [
                            -122.3335552,
                            47.6019798
                        ],
                        [
                            -122.3335394,
                            47.6019793
                        ],
                        [
                            -122.3335254,
                            47.6019829
                        ],
                        [
                            -122.3335144,
                            47.6019917
                        ],
                        [
                            -122.3333694,
                            47.6020518
                        ],
                        [
                            -122.3333616,
                            47.6020471
                        ],
                        [
                            -122.333352,
                            47.6020452
                        ],
                        [
                            -122.3333378,
                            47.6020457
                        ],
                        [
                            -122.333324,
                            47.6020522
                        ],
                        [
                            -122.3333172,
                            47.6020598
                        ],
                        [
                            -122.3333151,
                            47.6020665
                        ],
                        [
                            -122.3333171,
                            47.6020746
                        ],
                        [
                            -122.3331662,
                            47.6021384
                        ],
                        [
                            -122.3334308,
                            47.6024235
                        ],
                        [
                            -122.3338119,
                            47.6022625
                        ]
                    ]
                ]
            },
            "properties": {
                "osm_id": 52782046,
                "osm_type": "ways_poly",
                "operator": null,
                "operator_type": null,
                "staff_count_nurses": null,
                "health_facility_level": null,
                "medical_system_western": null,
                "name": "Pioneer Building",
                "toilets_disposal": null,
                "health_facility_type": null,
                "opening_hours": null,
                "healthcare": null,
                "shop": null,
                "toilets_handwashing": null,
                "building": "yes",
                "status": null,
                "access": null,
                "health_facility_bed": null,
                "denomination": null,
                "historic": "yes",
                "staff_count_doctors": null,
                "religion": null,
                "amenity": null
            }
        },
        {
            "type": "Feature",
            "geometry": {
                "type": "Polygon",
                "coordinates": [
                    [
                        [
                            -122.329836,
                            47.6102704
                        ],
                        [
                            -122.3286123,
                            47.6089434
                        ],
                        [
                            -122.3259345,
                            47.6100658
                        ],
                        [
                            -122.3264941,
                            47.6106726
                        ],
                        [
                            -122.326959,
                            47.6104777
                        ],
                        [
                            -122.3276231,
                            47.6111979
                        ],
                        [
                            -122.3280638,
                            47.6110132
                        ],
                        [
                            -122.329836,
                            47.6102704
                        ]
                    ]
                ]
            },
            "properties": {
                "osm_id": 297302349,
                "osm_type": "ways_poly",
                "operator": null,
                "operator_type": null,
                "staff_count_nurses": null,
                "health_facility_level": null,
                "medical_system_western": null,
                "name": "Virginia Mason Hospital & Seattle Medical Center",
                "toilets_disposal": null,
                "health_facility_type": null,
                "opening_hours": "24/7",
                "healthcare": "hospital",
                "shop": null,
                "toilets_handwashing": null,
                "building": null,
                "status": null,
                "access": null,
                "health_facility_bed": null,
                "denomination": null,
                "historic": null,
                "staff_count_doctors": null,
                "religion": null,
                "amenity": "hospital"
            }
        },
        {
            "type": "Feature",
            "geometry": {
                "type": "Polygon",
                "coordinates": [
                    [
                        [
                            -122.3219574,
                            47.6127698
                        ],
                        [
                            -122.3216766,
                            47.6124613
                        ],
                        [
                            -122.3216826,
                            47.6124566
                        ],
                        [
                            -122.3216864,
                            47.6124505
                        ],
                        [
                            -122.3216875,
                            47.6124436
                        ],
                        [
                            -122.3216868,
                            47.6124377
                        ],
                        [
                            -122.3216842,
                            47.6124322
                        ],
                        [
                            -122.3216796,
                            47.6124278
                        ],
                        [
                            -122.3216732,
                            47.6124239
                        ],
                        [
                            -122.3216644,
                            47.6124217
                        ],
                        [
                            -122.3216562,
                            47.6124221
                        ],
                        [
                            -122.3213635,
                            47.6121012
                        ],
                        [
                            -122.3213584,
                            47.6121027
                        ],
                        [
                            -122.3213091,
                            47.6120488
                        ],
                        [
                            -122.3212961,
                            47.612035
                        ],
                        [
                            -122.3210167,
                            47.6121555
                        ],
                        [
                            -122.3210093,
                            47.6121482
                        ],
                        [
                            -122.3209933,
                            47.6121549
                        ],
                        [
                            -122.3210093,
                            47.6121699
                        ],
                        [
                            -122.3209579,
                            47.6121916
                        ],
                        [
                            -122.3209366,
                            47.6122003
                        ],
                        [
                            -122.3209355,
                            47.6126619
                        ],
                        [
                            -122.3209361,
                            47.6127268
                        ],
                        [
                            -122.3209436,
                            47.6127301
                        ],
                        [
                            -122.3209413,
                            47.6127355
                        ],
                        [
                            -122.3209414,
                            47.6127416
                        ],
                        [
                            -122.320944,
                            47.6127477
                        ],
                        [
                            -122.3209487,
                            47.6127529
                        ],
                        [
                            -122.3209563,
                            47.6127564
                        ],
                        [
                            -122.3209656,
                            47.6127585
                        ],
                        [
                            -122.3209752,
                            47.6127588
                        ],
                        [
                            -122.3209828,
                            47.6127576
                        ],
                        [
                            -122.3210328,
                            47.6127369
                        ],
                        [
                            -122.3210411,
                            47.6127446
                        ],
                        [
                            -122.321297,
                            47.6126375
                        ],
                        [
                            -122.3214336,
                            47.6127838
                        ],
                        [
                            -122.3214079,
                            47.6127938
                        ],
                        [
                            -122.3214627,
                            47.6128503
                        ],
                        [
                            -122.3214711,
                            47.6128471
                        ],
                        [
                            -122.3215461,
                            47.6129271
                        ],
                        [
                            -122.321614,
                            47.6128971
                        ],
                        [
                            -122.3216377,
                            47.6129223
                        ],
                        [
                            -122.3217316,
                            47.6128816
                        ],
                        [
                            -122.3217354,
                            47.6128855
                        ],
                        [
                            -122.3218454,
                            47.6128401
                        ],
                        [
                            -122.3218314,
                            47.6128237
                        ],
                        [
                            -122.3219574,
                            47.6127698
                        ]
                    ]
                ]
            },
            "properties": {
                "osm_id": 236755629,
                "osm_type": "ways_poly",
                "operator": null,
                "operator_type": null,
                "staff_count_nurses": null,
                "health_facility_level": null,
                "medical_system_western": null,
                "name": "The Polyclinic",
                "toilets_disposal": null,
                "health_facility_type": null,
                "opening_hours": null,
                "healthcare": "clinic",
                "shop": null,
                "toilets_handwashing": null,
                "building": "yes",
                "status": null,
                "access": null,
                "health_facility_bed": null,
                "denomination": null,
                "historic": null,
                "staff_count_doctors": null,
                "religion": null,
                "amenity": "clinic"
            }
        },
        {
            "type": "Feature",
            "geometry": {
                "type": "Polygon",
                "coordinates": [
                    [
                        [
                            -122.3293768,
                            47.6074655
                        ],
                        [
                            -122.3292376,
                            47.607272
                        ],
                        [
                            -122.3288795,
                            47.6069663
                        ],
                        [
                            -122.3288104,
                            47.6070035
                        ],
                        [
                            -122.3288213,
                            47.6070174
                        ],
                        [
                            -122.3287851,
                            47.6070316
                        ],
                        [
                            -122.3287669,
                            47.6070125
                        ],
                        [
                            -122.3286298,
                            47.6070673
                        ],
                        [
                            -122.3285273,
                            47.6071111
                        ],
                        [
                            -122.3289975,
                            47.6076262
                        ],
                        [
                            -122.3292666,
                            47.6075156
                        ],
                        [
                            -122.3292504,
                            47.6074949
                        ],
                        [
                            -122.3292769,
                            47.6074839
                        ],
                        [
                            -122.3292906,
                            47.6074966
                        ],
                        [
                            -122.3293768,
                            47.6074655
                        ]
                    ]
                ]
            },
            "properties": {
                "osm_id": 184526371,
                "osm_type": "ways_poly",
                "operator": null,
                "operator_type": null,
                "staff_count_nurses": null,
                "health_facility_level": null,
                "medical_system_western": null,
                "name": "Optum Madison Center",
                "toilets_disposal": null,
                "health_facility_type": null,
                "opening_hours": null,
                "healthcare": "clinic",
                "shop": null,
                "toilets_handwashing": null,
                "building": "yes",
                "status": null,
                "access": null,
                "health_facility_bed": null,
                "denomination": null,
                "historic": null,
                "staff_count_doctors": null,
                "religion": null,
                "amenity": "clinic"
            }
        },
        {
            "type": "Feature",
            "geometry": {
                "type": "Polygon",
                "coordinates": [
                    [
                        [
                            -122.3216249,
                            47.6107123
                        ],
                        [
                            -122.3213704,
                            47.6104369
                        ],
                        [
                            -122.3212273,
                            47.610497
                        ],
                        [
                            -122.3212943,
                            47.6105695
                        ],
                        [
                            -122.3209335,
                            47.610721
                        ],
                        [
                            -122.3209339,
                            47.6108461
                        ],
                        [
                            -122.3209753,
                            47.6108564
                        ],
                        [
                            -122.3213211,
                            47.6107112
                        ],
                        [
                            -122.3213189,
                            47.6107087
                        ],
                        [
                            -122.3213938,
                            47.6106773
                        ],
                        [
                            -122.3214817,
                            47.6107724
                        ],
                        [
                            -122.3216249,
                            47.6107123
                        ]
                    ]
                ]
            },
            "properties": {
                "osm_id": 51969310,
                "osm_type": "ways_poly",
                "operator": null,
                "operator_type": null,
                "staff_count_nurses": null,
                "health_facility_level": null,
                "medical_system_western": null,
                "name": "Swedish Family Medicine",
                "toilets_disposal": null,
                "health_facility_type": null,
                "opening_hours": null,
                "healthcare": "clinic",
                "shop": null,
                "toilets_handwashing": null,
                "building": "yes",
                "status": null,
                "access": null,
                "health_facility_bed": null,
                "denomination": null,
                "historic": null,
                "staff_count_doctors": null,
                "religion": null,
                "amenity": "clinic"
            }
        },
        {
            "type": "Feature",
            "geometry": {
                "type": "Polygon",
                "coordinates": [
                    [
                        [
                            -122.3224363,
                            47.6122902
                        ],
                        [
                            -122.322346,
                            47.6121967
                        ],
                        [
                            -122.3223139,
                            47.6122108
                        ],
                        [
                            -122.3222763,
                            47.612172
                        ],
                        [
                            -122.3223199,
                            47.6121528
                        ],
                        [
                            -122.3219547,
                            47.6117717
                        ],
                        [
                            -122.321837,
                            47.6118238
                        ],
                        [
                            -122.3218417,
                            47.611829
                        ],
                        [
                            -122.3218788,
                            47.6118672
                        ],
                        [
                            -122.3217302,
                            47.6119332
                        ],
                        [
                            -122.3216915,
                            47.6118934
                        ],
                        [
                            -122.3216837,
                            47.6118855
                        ],
                        [
                            -122.3215626,
                            47.6119393
                        ],
                        [
                            -122.3216585,
                            47.6120517
                        ],
                        [
                            -122.3216468,
                            47.6120615
                        ],
                        [
                            -122.3217998,
                            47.6122237
                        ],
                        [
                            -122.3218188,
                            47.6122154
                        ],
                        [
                            -122.3218335,
                            47.6122304
                        ],
                        [
                            -122.3218585,
                            47.6122192
                        ],
                        [
                            -122.3218449,
                            47.6122054
                        ],
                        [
                            -122.3218494,
                            47.6122035
                        ],
                        [
                            -122.3218656,
                            47.6122202
                        ],
                        [
                            -122.3218934,
                            47.6122541
                        ],
                        [
                            -122.3218516,
                            47.6122785
                        ],
                        [
                            -122.3219032,
                            47.6123293
                        ],
                        [
                            -122.3219443,
                            47.6123129
                        ],
                        [
                            -122.3219487,
                            47.6123257
                        ],
                        [
                            -122.3219817,
                            47.6123619
                        ],
                        [
                            -122.3220246,
                            47.6124084
                        ],
                        [
                            -122.3220176,
                            47.6124312
                        ],
                        [
                            -122.3221398,
                            47.6124484
                        ],
                        [
                            -122.3221458,
                            47.6124296
                        ],
                        [
                            -122.322354,
                            47.6123373
                        ],
                        [
                            -122.3223467,
                            47.6123299
                        ],
                        [
                            -122.3224363,
                            47.6122902
                        ]
                    ]
                ]
            },
            "properties": {
                "osm_id": 236755630,
                "osm_type": "ways_poly",
                "operator": null,
                "operator_type": null,
                "staff_count_nurses": null,
                "health_facility_level": null,
                "medical_system_western": null,
                "name": "Seattle First Baptist Church",
                "toilets_disposal": null,
                "health_facility_type": null,
                "opening_hours": null,
                "healthcare": null,
                "shop": null,
                "toilets_handwashing": null,
                "building": "yes",
                "status": null,
                "access": null,
                "health_facility_bed": null,
                "denomination": "baptist",
                "historic": null,
                "staff_count_doctors": null,
                "religion": "christian",
                "amenity": "place_of_worship"
            }
        },
        {
            "type": "Feature",
            "geometry": {
                "type": "Polygon",
                "coordinates": [
                    [
                        [
                            -122.3154461,
                            47.6166715
                        ],
                        [
                            -122.3154414,
                            47.6165302
                        ],
                        [
                            -122.3153907,
                            47.616531
                        ],
                        [
                            -122.3153909,
                            47.6165342
                        ],
                        [
                            -122.3153271,
                            47.6165352
                        ],
                        [
                            -122.3153269,
                            47.616528
                        ],
                        [
                            -122.3152527,
                            47.6165291
                        ],
                        [
                            -122.3152529,
                            47.6165351
                        ],
                        [
                            -122.3151892,
                            47.616536
                        ],
                        [
                            -122.3151889,
                            47.6165289
                        ],
                        [
                            -122.3151362,
                            47.6165296
                        ],
                        [
                            -122.3151411,
                            47.6166761
                        ],
                        [
                            -122.3154461,
                            47.6166715
                        ]
                    ]
                ]
            },
            "properties": {
                "osm_id": 206623338,
                "osm_type": "ways_poly",
                "operator": null,
                "operator_type": null,
                "staff_count_nurses": null,
                "health_facility_level": null,
                "medical_system_western": null,
                "name": "Medhane-Alem Evangelical Church",
                "toilets_disposal": null,
                "health_facility_type": null,
                "opening_hours": null,
                "healthcare": null,
                "shop": null,
                "toilets_handwashing": null,
                "building": "church",
                "status": null,
                "access": null,
                "health_facility_bed": null,
                "denomination": "Ethiopian Evangelical",
                "historic": null,
                "staff_count_doctors": null,
                "religion": "christian",
                "amenity": "place_of_worship"
            }
        },
        {
            "type": "Feature",
            "geometry": {
                "type": "Polygon",
                "coordinates": [
                    [
                        [
                            -122.3267023,
                            47.6141963
                        ],
                        [
                            -122.3266937,
                            47.6141933
                        ],
                        [
                            -122.3262712,
                            47.6141914
                        ],
                        [
                            -122.3262685,
                            47.614456
                        ],
                        [
                            -122.3262999,
                            47.6144561
                        ],
                        [
                            -122.3263001,
                            47.6144482
                        ],
                        [
                            -122.3266965,
                            47.6144501
                        ],
                        [
                            -122.3267023,
                            47.6141963
                        ]
                    ]
                ]
            },
            "properties": {
                "osm_id": 206623527,
                "osm_type": "ways_poly",
                "operator": null,
                "operator_type": null,
                "staff_count_nurses": null,
                "health_facility_level": null,
                "medical_system_western": null,
                "name": "First Covenant Church",
                "toilets_disposal": null,
                "health_facility_type": null,
                "opening_hours": null,
                "healthcare": null,
                "shop": null,
                "toilets_handwashing": null,
                "building": "church",
                "status": null,
                "access": null,
                "health_facility_bed": null,
                "denomination": "evangelical_covenant",
                "historic": null,
                "staff_count_doctors": null,
                "religion": "christian",
                "amenity": "place_of_worship"
            }
        },
        {
            "type": "Feature",
            "geometry": {
                "type": "Polygon",
                "coordinates": [
                    [
                        [
                            -122.3108135,
                            47.5986558
                        ],
                        [
                            -122.3108134,
                            47.5986053
                        ],
                        [
                            -122.310758,
                            47.5986053
                        ],
                        [
                            -122.3107578,
                            47.5984615
                        ],
                        [
                            -122.3103066,
                            47.5984619
                        ],
                        [
                            -122.3103068,
                            47.5986012
                        ],
                        [
                            -122.3105768,
                            47.5986011
                        ],
                        [
                            -122.3105769,
                            47.5986691
                        ],
                        [
                            -122.3107584,
                            47.598669
                        ],
                        [
                            -122.3107584,
                            47.5986558
                        ],
                        [
                            -122.3108135,
                            47.5986558
                        ]
                    ]
                ]
            },
            "properties": {
                "osm_id": 228737835,
                "osm_type": "ways_poly",
                "operator": null,
                "operator_type": null,
                "staff_count_nurses": null,
                "health_facility_level": null,
                "medical_system_western": null,
                "name": "St. Peter Episcopal Church",
                "toilets_disposal": null,
                "health_facility_type": null,
                "opening_hours": null,
                "healthcare": null,
                "shop": null,
                "toilets_handwashing": null,
                "building": "yes",
                "status": null,
                "access": null,
                "health_facility_bed": null,
                "denomination": "episcopal",
                "historic": null,
                "staff_count_doctors": null,
                "religion": "christian",
                "amenity": "place_of_worship"
            }
        },
        {
            "type": "Feature",
            "geometry": {
                "type": "Polygon",
                "coordinates": [
                    [
                        [
                            -122.3262261,
                            47.5997774
                        ],
                        [
                            -122.3261231,
                            47.5997772
                        ],
                        [
                            -122.3258736,
                            47.5997767
                        ],
                        [
                            -122.325749,
                            47.5997765
                        ],
                        [
                            -122.3257483,
                            47.5999427
                        ],
                        [
                            -122.3262254,
                            47.5999437
                        ],
                        [
                            -122.3262261,
                            47.5997774
                        ]
                    ]
                ]
            },
            "properties": {
                "osm_id": 235384842,
                "osm_type": "ways_poly",
                "operator": null,
                "operator_type": null,
                "staff_count_nurses": null,
                "health_facility_level": null,
                "medical_system_western": null,
                "name": "Panama Hotel",
                "toilets_disposal": null,
                "health_facility_type": null,
                "opening_hours": null,
                "healthcare": null,
                "shop": null,
                "toilets_handwashing": null,
                "building": "commercial",
                "status": null,
                "access": null,
                "health_facility_bed": null,
                "denomination": null,
                "historic": "building",
                "staff_count_doctors": null,
                "religion": null,
                "amenity": null
            }
        },
        {
            "type": "Feature",
            "geometry": {
                "type": "Polygon",
                "coordinates": [
                    [
                        [
                            -122.3254311,
                            47.6116932
                        ],
                        [
                            -122.3253899,
                            47.6116482
                        ],
                        [
                            -122.3253989,
                            47.6116445
                        ],
                        [
                            -122.3253262,
                            47.6115652
                        ],
                        [
                            -122.3253727,
                            47.6115459
                        ],
                        [
                            -122.3253535,
                            47.611525
                        ],
                        [
                            -122.3253343,
                            47.6115041
                        ],
                        [
                            -122.3253188,
                            47.6115105
                        ],
                        [
                            -122.3252617,
                            47.6114482
                        ],
                        [
                            -122.3251234,
                            47.6115059
                        ],
                        [
                            -122.3251372,
                            47.611521
                        ],
                        [
                            -122.325112,
                            47.6115316
                        ],
                        [
                            -122.3251431,
                            47.6115654
                        ],
                        [
                            -122.3250708,
                            47.6115956
                        ],
                        [
                            -122.3252016,
                            47.6117382
                        ],
                        [
                            -122.3253185,
                            47.6116894
                        ],
                        [
                            -122.3253229,
                            47.6116943
                        ],
                        [
                            -122.3253381,
                            47.611688
                        ],
                        [
                            -122.3253673,
                            47.6117198
                        ],
                        [
                            -122.3254311,
                            47.6116932
                        ]
                    ]
                ]
            },
            "properties": {
                "osm_id": 236755626,
                "osm_type": "ways_poly",
                "operator": null,
                "operator_type": null,
                "staff_count_nurses": null,
                "health_facility_level": null,
                "medical_system_western": null,
                "name": "Stimson-Green Mansion",
                "toilets_disposal": null,
                "health_facility_type": null,
                "opening_hours": null,
                "healthcare": null,
                "shop": null,
                "toilets_handwashing": null,
                "building": "house",
                "status": null,
                "access": null,
                "health_facility_bed": null,
                "denomination": null,
                "historic": "building",
                "staff_count_doctors": null,
                "religion": null,
                "amenity": null
            }
        },
        {
            "type": "Feature",
            "geometry": {
                "type": "Polygon",
                "coordinates": [
                    [
                        [
                            -122.330223,
                            47.609058
                        ],
                        [
                            -122.3301821,
                            47.6090116
                        ],
                        [
                            -122.3301197,
                            47.6089409
                        ],
                        [
                            -122.3300642,
                            47.6088779
                        ],
                        [
                            -122.3300094,
                            47.6088158
                        ],
                        [
                            -122.329729,
                            47.6089282
                        ],
                        [
                            -122.3297466,
                            47.6089481
                        ],
                        [
                            -122.3296561,
                            47.6089844
                        ],
                        [
                            -122.3296934,
                            47.6090266
                        ],
                        [
                            -122.3297562,
                            47.6090978
                        ],
                        [
                            -122.3298113,
                            47.6091603
                        ],
                        [
                            -122.3298611,
                            47.6092168
                        ],
                        [
                            -122.3299517,
                            47.6091804
                        ],
                        [
                            -122.329963,
                            47.6091932
                        ],
                        [
                            -122.3299793,
                            47.6091867
                        ],
                        [
                            -122.3301728,
                            47.6091091
                        ],
                        [
                            -122.3301916,
                            47.6091016
                        ],
                        [
                            -122.3301714,
                            47.6090787
                        ],
                        [
                            -122.330223,
                            47.609058
                        ]
                    ]
                ]
            },
            "properties": {
                "osm_id": 140675988,
                "osm_type": "ways_poly",
                "operator": null,
                "operator_type": null,
                "staff_count_nurses": null,
                "health_facility_level": null,
                "medical_system_western": null,
                "name": "Town Hall Seattle",
                "toilets_disposal": null,
                "health_facility_type": null,
                "opening_hours": null,
                "healthcare": null,
                "shop": null,
                "toilets_handwashing": null,
                "building": "civic",
                "status": null,
                "access": null,
                "health_facility_bed": null,
                "denomination": null,
                "historic": null,
                "staff_count_doctors": null,
                "religion": null,
                "amenity": "community_centre"
            }
        },
        {
            "type": "Feature",
            "geometry": {
                "type": "Polygon",
                "coordinates": [
                    [
                        [
                            -122.3132259,
                            47.6173138
                        ],
                        [
                            -122.3132137,
                            47.6173138
                        ],
                        [
                            -122.3132137,
                            47.6172905
                        ],
                        [
                            -122.3131893,
                            47.6172905
                        ],
                        [
                            -122.3131893,
                            47.6172276
                        ],
                        [
                            -122.3131832,
                            47.6172276
                        ],
                        [
                            -122.3131832,
                            47.6172166
                        ],
                        [
                            -122.3129943,
                            47.6172166
                        ],
                        [
                            -122.3129639,
                            47.6172166
                        ],
                        [
                            -122.3129639,
                            47.617259
                        ],
                        [
                            -122.3129334,
                            47.617259
                        ],
                        [
                            -122.3129334,
                            47.61727
                        ],
                        [
                            -122.3129334,
                            47.6172864
                        ],
                        [
                            -122.3129334,
                            47.6173029
                        ],
                        [
                            -122.3129334,
                            47.6173138
                        ],
                        [
                            -122.3129639,
                            47.6173138
                        ],
                        [
                            -122.3129639,
                            47.6173467
                        ],
                        [
                            -122.3129639,
                            47.6173563
                        ],
                        [
                            -122.3131832,
                            47.6173563
                        ],
                        [
                            -122.3131832,
                            47.6173439
                        ],
                        [
                            -122.3132259,
                            47.6173439
                        ],
                        [
                            -122.3132259,
                            47.6173138
                        ]
                    ]
                ]
            },
            "properties": {
                "osm_id": 206624017,
                "osm_type": "ways_poly",
                "operator": null,
                "operator_type": null,
                "staff_count_nurses": null,
                "health_facility_level": null,
                "medical_system_western": null,
                "name": "Gaslight Inn",
                "toilets_disposal": null,
                "health_facility_type": null,
                "opening_hours": null,
                "healthcare": null,
                "shop": null,
                "toilets_handwashing": null,
                "building": "house",
                "status": null,
                "access": null,
                "health_facility_bed": null,
                "denomination": null,
                "historic": "house",
                "staff_count_doctors": null,
                "religion": null,
                "amenity": null
            }
        },
        {
            "type": "Feature",
            "geometry": {
                "type": "Polygon",
                "coordinates": [
                    [
                        [
                            -122.3167578,
                            47.5921597
                        ],
                        [
                            -122.3167348,
                            47.5921594
                        ],
                        [
                            -122.3167378,
                            47.5920706
                        ],
                        [
                            -122.3167488,
                            47.5920707
                        ],
                        [
                            -122.3167488,
                            47.5920443
                        ],
                        [
                            -122.3167298,
                            47.5920441
                        ],
                        [
                            -122.3167308,
                            47.5920147
                        ],
                        [
                            -122.3166268,
                            47.5920136
                        ],
                        [
                            -122.3166258,
                            47.5920435
                        ],
                        [
                            -122.3166188,
                            47.5920434
                        ],
                        [
                            -122.3166158,
                            47.5921562
                        ],
                        [
                            -122.3166098,
                            47.5921561
                        ],
                        [
                            -122.3166078,
                            47.5922498
                        ],
                        [
                            -122.3166168,
                            47.5922499
                        ],
                        [
                            -122.3166148,
                            47.5923652
                        ],
                        [
                            -122.3166258,
                            47.5923653
                        ],
                        [
                            -122.3166248,
                            47.5923956
                        ],
                        [
                            -122.3167328,
                            47.5923967
                        ],
                        [
                            -122.3167358,
                            47.5922474
                        ],
                        [
                            -122.3167558,
                            47.5922477
                        ],
                        [
                            -122.3167551,
                            47.5922054
                        ],
                        [
                            -122.3167578,
                            47.5921597
                        ]
                    ]
                ]
            },
            "properties": {
                "osm_id": 228614288,
                "osm_type": "ways_poly",
                "operator": null,
                "operator_type": null,
                "staff_count_nurses": null,
                "health_facility_level": null,
                "medical_system_western": null,
                "name": null,
                "toilets_disposal": null,
                "health_facility_type": null,
                "opening_hours": null,
                "healthcare": null,
                "shop": null,
                "toilets_handwashing": null,
                "building": "yes",
                "status": null,
                "access": null,
                "health_facility_bed": null,
                "denomination": null,
                "historic": "maritime",
                "staff_count_doctors": null,
                "religion": null,
                "amenity": null
            }
        },
        {
            "type": "Feature",
            "geometry": {
                "type": "Polygon",
                "coordinates": [
                    [
                        [
                            -122.3126625,
                            47.6136809
                        ],
                        [
                            -122.3126617,
                            47.613249
                        ],
                        [
                            -122.3126034,
                            47.613249
                        ],
                        [
                            -122.3126034,
                            47.6132326
                        ],
                        [
                            -122.3124378,
                            47.6132327
                        ],
                        [
                            -122.3124379,
                            47.6132646
                        ],
                        [
                            -122.312364,
                            47.6132647
                        ],
                        [
                            -122.3123641,
                            47.6133576
                        ],
                        [
                            -122.3122568,
                            47.6133576
                        ],
                        [
                            -122.3122568,
                            47.613345
                        ],
                        [
                            -122.3121714,
                            47.613345
                        ],
                        [
                            -122.3121717,
                            47.6135093
                        ],
                        [
                            -122.3121179,
                            47.6135094
                        ],
                        [
                            -122.3121179,
                            47.6134767
                        ],
                        [
                            -122.3119318,
                            47.6134768
                        ],
                        [
                            -122.3119317,
                            47.6134181
                        ],
                        [
                            -122.3119092,
                            47.6134181
                        ],
                        [
                            -122.3119091,
                            47.6133295
                        ],
                        [
                            -122.3116786,
                            47.6133296
                        ],
                        [
                            -122.3116788,
                            47.6134463
                        ],
                        [
                            -122.3118332,
                            47.6134462
                        ],
                        [
                            -122.3118336,
                            47.613636
                        ],
                        [
                            -122.3117349,
                            47.6136825
                        ],
                        [
                            -122.3116793,
                            47.6137531
                        ],
                        [
                            -122.3116766,
                            47.6138331
                        ],
                        [
                            -122.3117272,
                            47.6139055
                        ],
                        [
                            -122.3118206,
                            47.6139549
                        ],
                        [
                            -122.3119368,
                            47.6139708
                        ],
                        [
                            -122.3120343,
                            47.6139539
                        ],
                        [
                            -122.312051,
                            47.6139793
                        ],
                        [
                            -122.3120985,
                            47.6139792
                        ],
                        [
                            -122.3120985,
                            47.6140216
                        ],
                        [
                            -122.3122164,
                            47.6140215
                        ],
                        [
                            -122.3122163,
                            47.6139491
                        ],
                        [
                            -122.3122302,
                            47.613949
                        ],
                        [
                            -122.3122297,
                            47.6137023
                        ],
                        [
                            -122.3122668,
                            47.6137023
                        ],
                        [
                            -122.3122667,
                            47.6136806
                        ],
                        [
                            -122.3124995,
                            47.6136804
                        ],
                        [
                            -122.3124996,
                            47.6137107
                        ],
                        [
                            -122.312391,
                            47.6137108
                        ],
                        [
                            -122.3123916,
                            47.6140097
                        ],
                        [
                            -122.312661,
                            47.6140095
                        ],
                        [
                            -122.3126605,
                            47.6137086
                        ],
                        [
                            -122.3125512,
                            47.6137086
                        ],
                        [
                            -122.3125512,
                            47.6136809
                        ],
                        [
                            -122.3126625,
                            47.6136809
                        ]
                    ]
                ]
            },
            "properties": {
                "osm_id": 228855105,
                "osm_type": "ways_poly",
                "operator": null,
                "operator_type": null,
                "staff_count_nurses": null,
                "health_facility_level": null,
                "medical_system_western": null,
                "name": "Temple De Hirsch Sinai",
                "toilets_disposal": null,
                "health_facility_type": null,
                "opening_hours": null,
                "healthcare": null,
                "shop": null,
                "toilets_handwashing": null,
                "building": "yes",
                "status": null,
                "access": null,
                "health_facility_bed": null,
                "denomination": null,
                "historic": null,
                "staff_count_doctors": null,
                "religion": "jewish",
                "amenity": "place_of_worship"
            }
        },
        {
            "type": "Feature",
            "geometry": {
                "type": "Polygon",
                "coordinates": [
                    [
                        [
                            -122.3263603,
                            47.6076656
                        ],
                        [
                            -122.3263083,
                            47.607609
                        ],
                        [
                            -122.3261625,
                            47.6074485
                        ],
                        [
                            -122.3261074,
                            47.6073867
                        ],
                        [
                            -122.3260154,
                            47.607424
                        ],
                        [
                            -122.3260633,
                            47.6074777
                        ],
                        [
                            -122.3258851,
                            47.6075514
                        ],
                        [
                            -122.3258619,
                            47.6075256
                        ],
                        [
                            -122.3258234,
                            47.6075414
                        ],
                        [
                            -122.3258198,
                            47.6075429
                        ],
                        [
                            -122.3258172,
                            47.6075409
                        ],
                        [
                            -122.3257784,
                            47.6075287
                        ],
                        [
                            -122.3257355,
                            47.6075274
                        ],
                        [
                            -122.3256953,
                            47.6075373
                        ],
                        [
                            -122.3256636,
                            47.6075568
                        ],
                        [
                            -122.3256455,
                            47.607583
                        ],
                        [
                            -122.3256449,
                            47.6075929
                        ],
                        [
                            -122.3256376,
                            47.6075959
                        ],
                        [
                            -122.3255866,
                            47.6075393
                        ],
                        [
                            -122.325426,
                            47.6076051
                        ],
                        [
                            -122.3254675,
                            47.6076512
                        ],
                        [
                            -122.3253866,
                            47.6076844
                        ],
                        [
                            -122.325461,
                            47.607767
                        ],
                        [
                            -122.3254616,
                            47.6077676
                        ],
                        [
                            -122.3254606,
                            47.6078031
                        ],
                        [
                            -122.3254836,
                            47.6078426
                        ],
                        [
                            -122.3255272,
                            47.6078732
                        ],
                        [
                            -122.3255675,
                            47.607885
                        ],
                        [
                            -122.3255696,
                            47.6078874
                        ],
                        [
                            -122.3256245,
                            47.6079483
                        ],
                        [
                            -122.3258253,
                            47.607866
                        ],
                        [
                            -122.3258593,
                            47.6078521
                        ],
                        [
                            -122.3258514,
                            47.607843
                        ],
                        [
                            -122.3258591,
                            47.6078484
                        ],
                        [
                            -122.3258979,
                            47.6078606
                        ],
                        [
                            -122.3259407,
                            47.6078619
                        ],
                        [
                            -122.325981,
                            47.607852
                        ],
                        [
                            -122.3260126,
                            47.6078325
                        ],
                        [
                            -122.3260308,
                            47.6078063
                        ],
                        [
                            -122.3260326,
                            47.6077775
                        ],
                        [
                            -122.3260288,
                            47.6077703
                        ],
                        [
                            -122.3260782,
                            47.6077501
                        ],
                        [
                            -122.3260565,
                            47.6077259
                        ],
                        [
                            -122.3262271,
                            47.6076558
                        ],
                        [
                            -122.3262706,
                            47.607703
                        ],
                        [
                            -122.3263603,
                            47.6076656
                        ]
                    ]
                ]
            },
            "properties": {
                "osm_id": 108384951,
                "osm_type": "ways_poly",
                "operator": null,
                "operator_type": null,
                "staff_count_nurses": null,
                "health_facility_level": null,
                "medical_system_western": null,
                "name": "Saint James Cathedral",
                "toilets_disposal": null,
                "health_facility_type": null,
                "opening_hours": null,
                "healthcare": null,
                "shop": null,
                "toilets_handwashing": null,
                "building": "cathedral",
                "status": null,
                "access": null,
                "health_facility_bed": null,
                "denomination": "roman_catholic",
                "historic": null,
                "staff_count_doctors": null,
                "religion": "christian",
                "amenity": "place_of_worship"
            }
        },
        {
            "type": "Feature",
            "geometry": {
                "type": "Polygon",
                "coordinates": [
                    [
                        [
                            -122.3107161,
                            47.5996306
                        ],
                        [
                            -122.3106832,
                            47.59963
                        ],
                        [
                            -122.3106833,
                            47.5996257
                        ],
                        [
                            -122.3105979,
                            47.5996241
                        ],
                        [
                            -122.3105981,
                            47.5996201
                        ],
                        [
                            -122.3104341,
                            47.599617
                        ],
                        [
                            -122.3104324,
                            47.5996579
                        ],
                        [
                            -122.3104242,
                            47.5996577
                        ],
                        [
                            -122.3104215,
                            47.5997227
                        ],
                        [
                            -122.3104339,
                            47.5997229
                        ],
                        [
                            -122.3104322,
                            47.599764
                        ],
                        [
                            -122.3106005,
                            47.5997673
                        ],
                        [
                            -122.3106008,
                            47.5997594
                        ],
                        [
                            -122.3107107,
                            47.5997615
                        ],
                        [
                            -122.3107161,
                            47.5996306
                        ]
                    ]
                ]
            },
            "properties": {
                "osm_id": 228732843,
                "osm_type": "ways_poly",
                "operator": null,
                "operator_type": null,
                "staff_count_nurses": null,
                "health_facility_level": null,
                "medical_system_western": null,
                "name": "Japanese Congregational Church",
                "toilets_disposal": null,
                "health_facility_type": null,
                "opening_hours": null,
                "healthcare": null,
                "shop": null,
                "toilets_handwashing": null,
                "building": "yes",
                "status": null,
                "access": null,
                "health_facility_bed": null,
                "denomination": null,
                "historic": null,
                "staff_count_doctors": null,
                "religion": "christian",
                "amenity": "place_of_worship"
            }
        },
        {
            "type": "Feature",
            "geometry": {
                "type": "Polygon",
                "coordinates": [
                    [
                        [
                            -122.3409552,
                            47.6198254
                        ],
                        [
                            -122.3405039,
                            47.6198245
                        ],
                        [
                            -122.3405032,
                            47.6199883
                        ],
                        [
                            -122.3409545,
                            47.6199892
                        ],
                        [
                            -122.3409552,
                            47.6198254
                        ]
                    ]
                ]
            },
            "properties": {
                "osm_id": 1033712460,
                "osm_type": "ways_poly",
                "operator": null,
                "operator_type": null,
                "staff_count_nurses": null,
                "health_facility_level": null,
                "medical_system_western": null,
                "name": "Seattle Unity",
                "toilets_disposal": null,
                "health_facility_type": null,
                "opening_hours": null,
                "healthcare": null,
                "shop": null,
                "toilets_handwashing": null,
                "building": "church",
                "status": null,
                "access": null,
                "health_facility_bed": null,
                "denomination": null,
                "historic": null,
                "staff_count_doctors": null,
                "religion": "christian",
                "amenity": "place_of_worship"
            }
        },
        {
            "type": "Feature",
            "geometry": {
                "type": "Polygon",
                "coordinates": [
                    [
                        [
                            -122.3270059,
                            47.6082656
                        ],
                        [
                            -122.3268776,
                            47.6081225
                        ],
                        [
                            -122.3268249,
                            47.608144
                        ],
                        [
                            -122.3266214,
                            47.6082323
                        ],
                        [
                            -122.3265131,
                            47.6082765
                        ],
                        [
                            -122.3265748,
                            47.6083453
                        ],
                        [
                            -122.3264808,
                            47.6083836
                        ],
                        [
                            -122.3264576,
                            47.6083577
                        ],
                        [
                            -122.3261508,
                            47.6084828
                        ],
                        [
                            -122.3261852,
                            47.6085211
                        ],
                        [
                            -122.3261629,
                            47.6085302
                        ],
                        [
                            -122.3261534,
                            47.6085196
                        ],
                        [
                            -122.3261062,
                            47.6085388
                        ],
                        [
                            -122.3261718,
                            47.6086119
                        ],
                        [
                            -122.3262302,
                            47.6085881
                        ],
                        [
                            -122.3262184,
                            47.6085749
                        ],
                        [
                            -122.3262336,
                            47.6085687
                        ],
                        [
                            -122.3263266,
                            47.6086724
                        ],
                        [
                            -122.3263121,
                            47.6086783
                        ],
                        [
                            -122.3263025,
                            47.6086675
                        ],
                        [
                            -122.3262449,
                            47.608691
                        ],
                        [
                            -122.3263005,
                            47.608753
                        ],
                        [
                            -122.3263544,
                            47.608731
                        ],
                        [
                            -122.3263473,
                            47.6087231
                        ],
                        [
                            -122.3267382,
                            47.6085638
                        ],
                        [
                            -122.3266141,
                            47.6084254
                        ],
                        [
                            -122.3270059,
                            47.6082656
                        ]
                    ]
                ]
            },
            "properties": {
                "osm_id": 236757204,
                "osm_type": "ways_poly",
                "operator": "Bloodworks Northwest",
                "operator_type": null,
                "staff_count_nurses": null,
                "health_facility_level": null,
                "medical_system_western": null,
                "name": "Bloodworks Northwest",
                "toilets_disposal": null,
                "health_facility_type": null,
                "opening_hours": "Tu 11:00-19:00; Mo,Fr 07:00-15:00; We,Th 10:00-18:00; Sa 08:00-16:00; Su 09:00-17:00",
                "healthcare": "blood_donation",
                "shop": null,
                "toilets_handwashing": null,
                "building": "yes",
                "status": null,
                "access": null,
                "health_facility_bed": null,
                "denomination": null,
                "historic": null,
                "staff_count_doctors": null,
                "religion": null,
                "amenity": null
            }
        },
        {
            "type": "Feature",
            "geometry": {
                "type": "Polygon",
                "coordinates": [
                    [
                        [
                            -122.316576,
                            47.5917536
                        ],
                        [
                            -122.316545,
                            47.5917536
                        ],
                        [
                            -122.316536,
                            47.5917482
                        ],
                        [
                            -122.316515,
                            47.5917482
                        ],
                        [
                            -122.316506,
                            47.5917532
                        ],
                        [
                            -122.316485,
                            47.5917532
                        ],
                        [
                            -122.316485,
                            47.5917489
                        ],
                        [
                            -122.3164761,
                            47.5917489
                        ],
                        [
                            -122.3164412,
                            47.5917489
                        ],
                        [
                            -122.3164089,
                            47.5917489
                        ],
                        [
                            -122.316405,
                            47.5917489
                        ],
                        [
                            -122.316405,
                            47.5917532
                        ],
                        [
                            -122.316388,
                            47.5917532
                        ],
                        [
                            -122.31638,
                            47.5917468
                        ],
                        [
                            -122.316357,
                            47.5917468
                        ],
                        [
                            -122.316347,
                            47.5917547
                        ],
                        [
                            -122.316312,
                            47.5917547
                        ],
                        [
                            -122.316312,
                            47.5917702
                        ],
                        [
                            -122.316312,
                            47.5918481
                        ],
                        [
                            -122.316421,
                            47.5918482
                        ],
                        [
                            -122.316421,
                            47.5918613
                        ],
                        [
                            -122.316473,
                            47.5918613
                        ],
                        [
                            -122.316473,
                            47.5918448
                        ],
                        [
                            -122.3165106,
                            47.5918448
                        ],
                        [
                            -122.316575,
                            47.5918449
                        ],
                        [
                            -122.3165751,
                            47.5918316
                        ],
                        [
                            -122.316576,
                            47.5917536
                        ]
                    ]
                ]
            },
            "properties": {
                "osm_id": 228614290,
                "osm_type": "ways_poly",
                "operator": null,
                "operator_type": null,
                "staff_count_nurses": null,
                "health_facility_level": null,
                "medical_system_western": null,
                "name": null,
                "toilets_disposal": null,
                "health_facility_type": null,
                "opening_hours": null,
                "healthcare": null,
                "shop": null,
                "toilets_handwashing": null,
                "building": "yes",
                "status": null,
                "access": null,
                "health_facility_bed": null,
                "denomination": null,
                "historic": "maritime",
                "staff_count_doctors": null,
                "religion": null,
                "amenity": null
            }
        },
        {
            "type": "Feature",
            "geometry": {
                "type": "Polygon",
                "coordinates": [
                    [
                        [
                            -122.3157248,
                            47.5987445
                        ],
                        [
                            -122.3157202,
                            47.5984251
                        ],
                        [
                            -122.3155009,
                            47.5984266
                        ],
                        [
                            -122.315501,
                            47.5984323
                        ],
                        [
                            -122.3154794,
                            47.5984324
                        ],
                        [
                            -122.3154807,
                            47.5985268
                        ],
                        [
                            -122.3155402,
                            47.5985264
                        ],
                        [
                            -122.3155406,
                            47.5985477
                        ],
                        [
                            -122.3154798,
                            47.598548
                        ],
                        [
                            -122.315481,
                            47.5986318
                        ],
                        [
                            -122.3155437,
                            47.5986314
                        ],
                        [
                            -122.3155439,
                            47.598648
                        ],
                        [
                            -122.315481,
                            47.5986484
                        ],
                        [
                            -122.3154824,
                            47.5987461
                        ],
                        [
                            -122.3157248,
                            47.5987445
                        ]
                    ]
                ]
            },
            "properties": {
                "osm_id": 235387694,
                "osm_type": "ways_poly",
                "operator": null,
                "operator_type": null,
                "staff_count_nurses": null,
                "health_facility_level": null,
                "medical_system_western": null,
                "name": "Victorian Apartments",
                "toilets_disposal": null,
                "health_facility_type": null,
                "opening_hours": null,
                "healthcare": null,
                "shop": null,
                "toilets_handwashing": null,
                "building": "apartments",
                "status": null,
                "access": null,
                "health_facility_bed": null,
                "denomination": null,
                "historic": "heritage",
                "staff_count_doctors": null,
                "religion": null,
                "amenity": null
            }
        },
        {
            "type": "Feature",
            "geometry": {
                "type": "Polygon",
                "coordinates": [
                    [
                        [
                            -122.3169128,
                            47.5918855
                        ],
                        [
                            -122.3169101,
                            47.5918068
                        ],
                        [
                            -122.3169098,
                            47.591712
                        ],
                        [
                            -122.3167738,
                            47.5917132
                        ],
                        [
                            -122.3167758,
                            47.5917874
                        ],
                        [
                            -122.3167618,
                            47.5917876
                        ],
                        [
                            -122.3167628,
                            47.5918169
                        ],
                        [
                            -122.3167778,
                            47.5918168
                        ],
                        [
                            -122.3167788,
                            47.5918866
                        ],
                        [
                            -122.3169128,
                            47.5918855
                        ]
                    ]
                ]
            },
            "properties": {
                "osm_id": 228614330,
                "osm_type": "ways_poly",
                "operator": null,
                "operator_type": null,
                "staff_count_nurses": null,
                "health_facility_level": null,
                "medical_system_western": null,
                "name": null,
                "toilets_disposal": null,
                "health_facility_type": null,
                "opening_hours": null,
                "healthcare": null,
                "shop": null,
                "toilets_handwashing": null,
                "building": "yes",
                "status": null,
                "access": null,
                "health_facility_bed": null,
                "denomination": null,
                "historic": "maritime",
                "staff_count_doctors": null,
                "religion": null,
                "amenity": null
            }
        },
        {
            "type": "Feature",
            "geometry": {
                "type": "Polygon",
                "coordinates": [
                    [
                        [
                            -122.3152578,
                            47.5918145
                        ],
                        [
                            -122.3152568,
                            47.5917794
                        ],
                        [
                            -122.3152358,
                            47.5917795
                        ],
                        [
                            -122.3152348,
                            47.5917076
                        ],
                        [
                            -122.3150988,
                            47.5917087
                        ],
                        [
                            -122.3150998,
                            47.5917685
                        ],
                        [
                            -122.3150888,
                            47.5917686
                        ],
                        [
                            -122.3150898,
                            47.5918203
                        ],
                        [
                            -122.3150988,
                            47.5918202
                        ],
                        [
                            -122.3150998,
                            47.5918836
                        ],
                        [
                            -122.3152378,
                            47.5918824
                        ],
                        [
                            -122.3152358,
                            47.5918146
                        ],
                        [
                            -122.3152578,
                            47.5918145
                        ]
                    ]
                ]
            },
            "properties": {
                "osm_id": 228614280,
                "osm_type": "ways_poly",
                "operator": null,
                "operator_type": null,
                "staff_count_nurses": null,
                "health_facility_level": null,
                "medical_system_western": null,
                "name": null,
                "toilets_disposal": null,
                "health_facility_type": null,
                "opening_hours": null,
                "healthcare": null,
                "shop": null,
                "toilets_handwashing": null,
                "building": "yes",
                "status": null,
                "access": null,
                "health_facility_bed": null,
                "denomination": null,
                "historic": "maritime",
                "staff_count_doctors": null,
                "religion": null,
                "amenity": null
            }
        },
        {
            "type": "Feature",
            "geometry": {
                "type": "Polygon",
                "coordinates": [
                    [
                        [
                            -122.3298469,
                            47.6080702
                        ],
                        [
                            -122.3297764,
                            47.6079931
                        ],
                        [
                            -122.3297843,
                            47.6079898
                        ],
                        [
                            -122.3297693,
                            47.6079734
                        ],
                        [
                            -122.329789,
                            47.6079652
                        ],
                        [
                            -122.3295985,
                            47.607757
                        ],
                        [
                            -122.3295803,
                            47.6077645
                        ],
                        [
                            -122.3295623,
                            47.6077449
                        ],
                        [
                            -122.3295831,
                            47.6077362
                        ],
                        [
                            -122.329523,
                            47.6076704
                        ],
                        [
                            -122.3294927,
                            47.607683
                        ],
                        [
                            -122.3294778,
                            47.6076667
                        ],
                        [
                            -122.3292569,
                            47.6077586
                        ],
                        [
                            -122.3292119,
                            47.6077773
                        ],
                        [
                            -122.3292339,
                            47.6078014
                        ],
                        [
                            -122.3290045,
                            47.6078968
                        ],
                        [
                            -122.3290669,
                            47.6079651
                        ],
                        [
                            -122.3291633,
                            47.607925
                        ],
                        [
                            -122.3291709,
                            47.6079333
                        ],
                        [
                            -122.3292191,
                            47.6079132
                        ],
                        [
                            -122.3292142,
                            47.6079078
                        ],
                        [
                            -122.3292842,
                            47.6078787
                        ],
                        [
                            -122.3293621,
                            47.6079639
                        ],
                        [
                            -122.3292865,
                            47.6079953
                        ],
                        [
                            -122.3292787,
                            47.6079868
                        ],
                        [
                            -122.3292336,
                            47.6080056
                        ],
                        [
                            -122.3292378,
                            47.6080102
                        ],
                        [
                            -122.3291338,
                            47.6080534
                        ],
                        [
                            -122.3292273,
                            47.6081556
                        ],
                        [
                            -122.3289496,
                            47.6082711
                        ],
                        [
                            -122.3291594,
                            47.6085004
                        ],
                        [
                            -122.3293753,
                            47.6084106
                        ],
                        [
                            -122.3294018,
                            47.6084082
                        ],
                        [
                            -122.3294235,
                            47.6083975
                        ],
                        [
                            -122.3294307,
                            47.6083825
                        ],
                        [
                            -122.3296351,
                            47.6082975
                        ],
                        [
                            -122.3295845,
                            47.6082421
                        ],
                        [
                            -122.3295525,
                            47.6082083
                        ],
                        [
                            -122.3295191,
                            47.6081719
                        ],
                        [
                            -122.329603,
                            47.6081369
                        ],
                        [
                            -122.329626,
                            47.608162
                        ],
                        [
                            -122.3298469,
                            47.6080702
                        ]
                    ],
                    [
                        [
                            -122.329393,
                            47.6083453
                        ],
                        [
                            -122.3293181,
                            47.6083765
                        ],
                        [
                            -122.3292084,
                            47.6082565
                        ],
                        [
                            -122.3292833,
                            47.6082254
                        ],
                        [
                            -122.329393,
                            47.6083453
                        ]
                    ]
                ]
            },
            "properties": {
                "osm_id": 3185444,
                "osm_type": "relations",
                "operator": null,
                "operator_type": null,
                "staff_count_nurses": null,
                "health_facility_level": null,
                "medical_system_western": null,
                "name": "First Presbyterian Church",
                "toilets_disposal": null,
                "health_facility_type": null,
                "opening_hours": null,
                "healthcare": null,
                "shop": null,
                "toilets_handwashing": null,
                "building": "yes",
                "status": null,
                "access": null,
                "health_facility_bed": null,
                "denomination": "presbyterian",
                "historic": null,
                "staff_count_doctors": null,
                "religion": "christian",
                "amenity": "place_of_worship"
            }
        }
    ]
}